"","title","year","duration","country","language","genre","director","actors","prod_comp","budget","profits","nomination_num","oscar_num","princ_genre1","princ_genre2"
"1","Independence Day","1996",145,"USA","English","Action, Adventure, Sci-Fi","Roland Emmerich","Will Smith, Bill Pullman, Jeff Goldblum, Mary McDonnell, Judd Hirsch, Robert Loggia, Randy Quaid, Margaret Colin, James Rebhorn, Harvey Fierstein, Adam Baldwin, Brent Spiner, James Duval, Vivica A. Fox, Lisa Jakub","Twentieth Century Fox","$ 75000000",306.2,2,1,"Science fiction","Adventure"
"2","The Patriot","2000",165,"USA, Germany","English, French","Action, Drama, History","Roland Emmerich","Mel Gibson, Heath Ledger, Joely Richardson, Jason Isaacs, Chris Cooper, Tchéky Karyo, Rene Auberjonois, Lisa Brenner, Tom Wilkinson, Donal Logue, Leon Rippy, Adam Baldwin, Jay Arlen Jones, Joey D. Vieira, Gregory Smith","Columbia Pictures","$ 110000000",113.3,3,0,"Action","Drama"
"3","The Day After Tomorrow","2004",124,"USA","English, Japanese, French, Arabic","Action, Adventure, Sci-Fi","Roland Emmerich","Dennis Quaid, Jake Gyllenhaal, Emmy Rossum, Dash Mihok, Jay O. Sanders, Sela Ward, Austin Nichols, Arjay Smith, Tamlyn Tomita, Sasha Roiz, Ian Holm, Nassim Sharara, Carl Alacchi, Kenneth Welsh, Michel 'Gish' Abou-Samah","Twentieth Century Fox","$ 125000000",186.7,0,0,"Action","Adventure"
"4","Pirates of the Caribbean: The Curse of the Black Pearl","2003",143,"USA","English","Action, Adventure, Fantasy","Gore Verbinski","Johnny Depp, Geoffrey Rush, Orlando Bloom, Keira Knightley, Jack Davenport, Jonathan Pryce, Lee Arenberg, Mackenzie Crook, Damian O'Hare, Giles New, Angus Barnett, David Bailie, Michael Berry Jr., Isaac C. Singleton Jr., Kevin McNally","Walt Disney Pictures","$ 140000000",305.4,5,0,"Adventure","Fantasy"
"5","Pretty Woman","1990",119,"USA","English","Comedy, Romance","Garry Marshall","Richard Gere, Julia Roberts, Ralph Bellamy, Jason Alexander, Laura San Giacomo, Alex Hyde-White, Amy Yasbeck, Elinor Donahue, Hector Elizondo, Judith Baldwin, Jason Randal, Bill Applebaum, Tracy Bjork, Gary Greene, Billy Gallo","Touchstone Pictures","$ 14000000",178.4,1,0,"Comedy","Romance"
"6","Forrest Gump","1994",142,"USA","English","Drama, Romance","Robert Zemeckis","Tom Hanks, Rebecca Williams, Sally Field, Michael Conner Humphreys, Harold G. Herthum, George Kelly, Bob Penny, John Randall, Sam Anderson, Margo Moorer, Ione M. Telech, Christine Seabrook, John Worsham, Peter Dobson, Siobhan Fallon Hogan","Paramount Pictures","$ 55000000",329.7,13,6,"Comedy","Romance"
"7","The Green Mile","1999",189,"USA","English, French","Crime, Drama, Fantasy","Frank Darabont","Tom Hanks, David Morse, Bonnie Hunt, Michael Clarke Duncan, James Cromwell, Michael Jeter, Graham Greene, Doug Hutchison, Sam Rockwell, Barry Pepper, Jeffrey DeMunn, Patricia Clarkson, Harry Dean Stanton, Dabbs Greer, Eve Brent","Castle Rock Entertainment","$ 60000000",136.8,4,0,"Fantasy","Drama"
"8","Con Air","1997",115,"USA","English, Spanish","Action, Crime, Thriller","Simon West","Colm Meaney, Mykelti Williamson, Nick Chinlund, Renoly Santiago, John Malkovich, Ving Rhames, Dave Chappelle, Rachel Ticotin, Steve Eastin, Steve Buscemi, Danny Trejo, M.C. Gainey, Landry Allbright, John Cusack, Monica Potter","Touchstone Pictures","$ 75000000",101.1,2,0,"Action","Thriller"
"9","Twister","1996",113,"USA","English","Action, Adventure, Thriller","Jan de Bont","Helen Hunt, Bill Paxton, Cary Elwes, Jami Gertz, Philip Seymour Hoffman, Lois Smith, Alan Ruck, Sean Whalen, Scott Thomson, Todd Field, Joey Slotnick, Wendle Josepher, Jeremy Davies, Zach Grenier, Gregory Sporleder","Warner Bros.","$ 92000000",241.7,2,0,"Drama","Adventure"
"10","Sweet Home Alabama","2002",108,"USA","English","Comedy, Romance","Andy Tennant","Reese Witherspoon, Josh Lucas, Patrick Dempsey, Candice Bergen, Mary Kay Place, Fred Ward, Jean Smart, Ethan Embry, Melanie Lynskey, Courtney Gains, Mary Lynn Rajskub, Rhona Mitra, Nathan Lee Graham, Sean Bridgers, Fleet Cooper","Touchstone Pictures","$ 30000000",180.6,0,0,"Comedy","Romance"
"11","Pearl Harbor","2001",183,"USA","English, Japanese, French","Action, Drama, History","Michael Bay","Ben Affleck, Josh Hartnett, Kate Beckinsale, William Lee Scott, Greg Zola, Ewen Bremner, Alec Baldwin, Jaime King, Catherine Kellner, Jennifer Garner, Jon Voight, Cuba Gooding Jr., Michael Shannon, Matthew Davis, Mako","Touchstone Pictures","$ 140000000",189.5,4,1,"Action","Drama"
"12","Armageddon","1998",151,"USA","English, Russian, Indonesian","Action, Adventure, Sci-Fi","Michael Bay","Bruce Willis, Billy Bob Thornton, Ben Affleck, Liv Tyler, Will Patton, Steve Buscemi, William Fichtner, Owen Wilson, Michael Clarke Duncan, Peter Stormare, Ken Hudson Campbell, Jessica Steen, Keith David, Chris Ellis, Jason Isaacs","Touchstone Pictures","$ 140000000",201.6,4,0,"Science fiction","Adventure"
"13","The Rock","1996",136,"USA","English","Action, Adventure, Thriller","Michael Bay","Sean Connery, Nicolas Cage, Ed Harris, John Spencer, David Morse, William Forsythe, Michael Biehn, Vanessa Marcil, John C. McGinley, Gregory Sporleder, Tony Todd, Bokeem Woodbine, Jim Maniaci, Greg Collins, Brendan Kelly","Hollywood Pictures","$ 75000000",134.1,1,0,"Adventure","Adventure"
"14","What Women Want","2000",127,"USA","English","Comedy, Fantasy, Romance","Nancy Meyers","Mel Gibson, Helen Hunt, Marisa Tomei, Alan Alda, Ashley Johnson, Mark Feuerstein, Lauren Holly, Delta Burke, Valerie Perrine, Judy Greer, Sarah Paulson, Ana Gasteyer, Lisa Edelstein, Loretta Devine, Diana Maria Riva","Paramount Pictures","$ 70000000",182.8,0,0,"Comedy","Romance"
"15","Bruce Almighty","2003",101,"USA","English, Spanish","Comedy, Fantasy","Tom Shadyac","Jim Carrey, Morgan Freeman, Jennifer Aniston, Philip Baker Hall, Catherine Bell, Lisa Ann Walter, Steve Carell, Nora Dunn, Eddie Jemison, Paul Satterfield, Mark Kiely, Sally Kirkland, Tony Bennett, Timothy Di Pri, Brian Tahash","Spyglass Entertainment","$ 81000000",242.8,0,0,"Comedy","Fantasy"
"16","Ocean's Eleven","2001",116,"USA","English, Italian, Cantonese","Crime, Thriller","Steven Soderbergh","George Clooney, Cecelia Ann Birt, Paul L. Nolan, Carol Florence, Lori Galinski, Bernie Mac, Brad Pitt, Mark Gantt, Tim Perez, Elliott Gould, Frank Patton III, Casey Affleck, Scott Caan, Eddie Jemison, Jorge R. Hernandez","Warner Bros.","$ 85000000",183.4,0,0,"Action","Thriller"
"17","The Bourne Identity","2002",119,"USA, Germany, Czech Republic, France","English, French, German, Dutch, Italian, Yoruba","Action, Mystery, Thriller","Doug Liman","Matt Damon, Franka Potente, Chris Cooper, Clive Owen, Brian Cox, Adewale Akinnuoye-Agbaje, Gabriel Mann, Walton Goggins, Josh Hamilton, Julia Stiles, Orso Maria Guerrini, Tim Dutton, Denis Braccini, Nicky Naudé, David Selburg","Universal Pictures","$ 60000000",121.7,0,0,"Action","Thriller"
"18","The Italian Job","2003",111,"USA, France, Italy, UK, Germany","English, Russian, Italian","Action, Crime, Thriller","F. Gary Gray","Mark Wahlberg, Charlize Theron, Donald Sutherland, Jason Statham, Seth Green, Yasiin Bey, Edward Norton, Fausto Callegarini, Stefano Petronelli, Fabio Scarpa, Cristiano Bonora, Tiberio Greco, Jimmy Shubert, Tammi Cubilette, Mary Portser","Paramount Pictures","$ 60000000",106.1,0,0,"Adventure","Thriller"
"19","I, Robot","2004",115,"USA, Germany","English","Action, Drama, Sci-Fi","Alex Proyas","Will Smith, Bridget Moynahan, Alan Tudyk, James Cromwell, Bruce Greenwood, Adrian Ricard, Chi McBride, Jerry Wasserman, Fiona Hogan, Peter Shinkoda, Terry Chen, David Haysom, Scott Heindl, Sharon Wilkins, Craig March","Twentieth Century Fox","$ 120000000",144.8,1,0,"Science fiction","Drama"
"20","American Beauty","1999",122,"USA","English","Drama","Sam Mendes","Kevin Spacey, Annette Bening, Thora Birch, Wes Bentley, Mena Suvari, Peter Gallagher, Allison Janney, Chris Cooper, Scott Bakula, Sam Robards, Barry Del Sherman, Ara Celi, John Cho, Fort Atkinson, Sue Casey","DreamWorks","$ 15000000",130.1,8,5,"Comedy","Drama"
"21","How to Lose a Guy in 10 Days","2003",116,"USA, Germany","English","Comedy, Romance","Donald Petrie","Kate Hudson, Matthew McConaughey, Kathryn Hahn, Annie Parisse, Adam Goldberg, Thomas Lennon, Michael Michele, Shalom Harlow, Robert Klein, Bebe Neuwirth, Samantha Quan, Justin Peroff, Celia Weston, James Murtaugh, Archie MacGregor","Lynda Obst Productions","$ 50000000",105.8,0,0,"Comedy","Romance"
"22","Lethal Weapon 4","1998",127,"USA","English, Cantonese, Mandarin","Action, Crime, Thriller","Richard Donner","Mel Gibson, Danny Glover, Joe Pesci, Rene Russo, Chris Rock, Jet Li, Steve Kahan, Kim Chan, Darlene Love, Traci Wolfe, Eddy Ko, Jack Kehler, Calvin Jung, Damon Hines, Ebonie Smith","Warner Bros.","$ 140000000",130.4,0,0,"Action","Adventure"
"23","Shrek 2","2004",93,"USA","English","Animation, Adventure, Comedy","Andrew Adamson, Kelly Asbury","Mike Myers, Eddie Murphy, Cameron Diaz, Julie Andrews, Antonio Banderas, John Cleese, Rupert Everett, Jennifer Saunders, Aron Warner, Kelly Asbury, Cody Cameron, Conrad Vernon, Christopher Knights, David P. Smith, Mark Moseley","DreamWorks","$ 150000000",441.2,2,0,"Animation","Adventure"
"24","Lost in Translation","2003",102,"USA, Japan","English, Japanese, German, French","Comedy, Drama","Sofia Coppola","Scarlett Johansson, Bill Murray, Akiko Takeshita, Kazuyoshi Minamimagoe, Kazuko Shibata, Take, Ryuichiro Baba, Akira Yamaguchi, Catherine Lambert, François du Bois, Tim Leffman, Gregory Pekar, Richard Allen, Giovanni Ribisi, Diamond Yukai","Focus Features","$ 4000000",44.6,4,1,"Comedy","Drama"
"25","Top Gun","1986",110,"USA","English","Action, Drama","Tony Scott","Tom Cruise, Kelly McGillis, Val Kilmer, Anthony Edwards, Tom Skerritt, Michael Ironside, John Stockwell, Barry Tubb, Rick Rossovich, Tim Robbins, Clarence Gilyard Jr., Whip Hubley, James Tolkan, Meg Ryan, Adrian Pasdar","Paramount Pictures","$ 15000000",179.8,4,1,"Adventure","Drama"
"26","Pulp Fiction","1994",154,"USA","English, Spanish, French","Crime, Drama","Quentin Tarantino","Tim Roth, Amanda Plummer, Laura Lovelace, John Travolta, Samuel L. Jackson, Phil LaMarr, Frank Whaley, Burr Steers, Bruce Willis, Ving Rhames, Paul Calderon, Bronagh Gallagher, Rosanna Arquette, Eric Stoltz, Uma Thurman","Miramax","$ 8000000",107.9,7,1,"Crime","Drama"
"27","Gone in 60 Seconds","2000",117,"USA","English","Action","Dominic Sena","Nicholas Cage, Angelina Jolie","Saturn Films","$ 90000000",101.6,0,0,"Action","Adventure"
"28","The Sixth Sense","1999",107,"USA","English, Latin, Spanish","Drama, Mystery, Thriller","M. Night Shyamalan","Bruce Willis, Haley Joel Osment, Toni Collette, Olivia Williams, Trevor Morgan, Donnie Wahlberg, Peter Anthony Tambakis, Jeffrey Zubernis, Bruce Norris, Glenn Fitzgerald, Greg Wood, Mischa Barton, Angelica Page, Lisa Summerour, Firdous Bamji","Hollywood Pictures","$ 40000000",239.5,6,0,"Drama","Thriller"
"29","The Lord of the Rings: The Two Towers","2002",179,"New Zealand, USA","English, Sindarin, Old English","Action, Adventure, Drama","Peter Jackson","Bruce Allpress, Sean Astin, John Bach, Sala Baker, Cate Blanchett, Orlando Bloom, Billy Boyd, Jed Brophy, Sam Comery, Brad Dourif, Calum Gittins, Bernard Hill, Bruce Hopkins, Paris Howe Strewe, Christopher Lee","New Line Cinema","$ 94000000",342.6,6,2,"Fantasy","Adventure"
"30","Men of Honor","2000",129,"USA","English","Biography, Drama","George Tillman Jr.","Robert De Niro, Cuba Gooding Jr., Charlize Theron, Aunjanue Ellis, Hal Holbrook, Michael Rapaport, Powers Boothe, David Keith, Holt McCallany, David Conrad, Joshua Leonard, Carl Lumbly, Lonette McKee, Glynn Turman, Dennis Troutman","Fox 2000 Pictures","$ 32000000",48.8,0,0,"Drama","Drama"
"31","Gladiator","2000",155,"USA, UK, Malta, Morocco","English","Action, Adventure, Drama","Ridley Scott","Russell Crowe, Joaquin Phoenix, Connie Nielsen, Oliver Reed, Richard Harris, Derek Jacobi, Djimon Hounsou, David Schofield, John Shrapnel, Tomas Arana, Ralf Moeller, Spencer Treat Clark, David Hemmings, Tommy Flanagan, Sven-Ole Thorsen","DreamWorks","$ 103000000",187.7,12,5,"Action","Adventure"
"32","The Lord of the Rings: The Fellowship of the Ring","2001",178,"New Zealand, USA","English, Sindarin","Action, Adventure, Drama","Peter Jackson","Alan Howard, Noel Appleby, Sean Astin, Sala Baker, Sean Bean, Cate Blanchett, Orlando Bloom, Billy Boyd, Marton Csokas, Megan Edwards, Michael Elsworth, Mark Ferguson, Ian Holm, Christopher Lee, Lawrence Makoare","New Line Cinema","$ 93000000",315.5,13,4,"Fantasy","Adventure"
"33","Sister Act","1992",100,"USA","English","Comedy, Crime, Family","Emile Ardolino","Whoopi Goldberg, Maggie Smith, Kathy Najimy, Wendy Makkena, Mary Wickes, Harvey Keitel, Bill Nunn, Robert Miranda, Richard Portnow, Ellen Albertini Dow, Carmen Zapata, Pat Crawford Brown, Prudence Wright Holmes, Georgia Creighton, Susan Johnson","Touchstone Pictures","$ 31000000",139.6,0,0,"Comedy",NA
"34","Double Jeopardy","1999",105,"USA, Germany, Canada","English","Crime, Drama, Mystery","Bruce Beresford","Tommy Lee Jones, Ashley Judd, Benjamin Weir, Jay Brazeau, Bruce Greenwood, John Maclaren, Ed Evanko, Annabeth Gish, Bruce Campbell, Brennan Elliott, Angela Schneider, Michael Gaston, Gillian Barber, Tom McBeath, David Jacox","Paramount Pictures","$ 70000000",116.7,0,0,"Crime","Drama"
"35","Two Weeks Notice","2002",101,"USA, Australia","English","Comedy, Romance","Marc Lawrence","Sandra Bullock, Hugh Grant, Alicia Witt, Dana Ivey, Robert Klein, Heather Burns, David Haig, Dorian Missick, Joseph Badalucco Jr., Jonathan Dokuchitz, Veanne Cox, Janine LaManna, Iraida Polanco, Charlotte Maier, Katheryn Winnick","Castle Rock Entertainment","$ 60000000",93.4,0,0,"Comedy","Romance"
"36","Troy","2004",163,"USA, Malta, UK","English","Drama, History","Wolfgang Petersen","Julian Glover, Brian Cox, Nathan Jones, Adoni Maropis, Jacob Smith, Brad Pitt, John Shrapnel, Brendan Gleeson, Diane Kruger, Eric Bana, Orlando Bloom, Siri Svegler, Lucie Barat, Ken Bones, Manuel Cauchi","Warner Bros.","$ 175000000",133.4,1,0,"History","Drama"
"37","The Royal Tenenbaums","2001",110,"USA","English, Italian","Comedy, Drama","Wes Anderson","Gene Hackman, Anjelica Huston, Ben Stiller, Gwyneth Paltrow, Luke Wilson, Owen Wilson, Bill Murray, Danny Glover, Seymour Cassel, Kumar Pallana, Alec Baldwin, Grant Rosenmeyer, Jonah Meyerson, Aram Aslanian-Persico, Irina Gorovaia","Touchstone Pictures","$ 21000000",52.4,1,0,"Comedy","Drama"
"38","National Treasure","2004",131,"USA","English, Spanish","Action, Adventure, Mystery","Jon Turteltaub","Nicolas Cage, Diane Kruger, Justin Bartha, Sean Bean, Jon Voight, Harvey Keitel, Christopher Plummer, David Dayan Fisher, Stewart Finlay-McLennan, Oleg Taktarov, Stephen A. Pope, Annie Parisse, Mark Pellegrino, Armando Riesco, Erik King","Walt Disney Pictures","$ 100000000",173,0,0,"Adventure","Adventure"
"39","50 First Dates","2004",99,"USA","English, Hawaiian, Mandarin, None","Comedy, Drama, Romance","Peter Segal","Adam Sandler, Drew Barrymore, Rob Schneider, Sean Astin, Lusia Strus, Dan Aykroyd, Amy Hill, Allen Covert, Blake Clark, Maya Rudolph, Pomaika'i Brown, Joe Nakashima, Peter Dante, Dom Magwili, Jonathan Loughran","Columbia Pictures","$ 75000000",120.9,0,0,"Comedy","Romance"
"40","Indiana Jones and the Last Crusade","1989",127,"USA","English, German, Greek, Arabic","Action, Adventure","Steven Spielberg","Harrison Ford, Sean Connery, Denholm Elliott, Alison Doody, John Rhys-Davies, Julian Glover, River Phoenix, Michael Byrne, Kevork Malikyan, Robert Eddison, Richard Young, Alexei Sayle, Alex Hyde-White, Paul Maxwell, Isla Blair","Paramount Pictures","$ 48000000",197.2,3,1,"Adventure","Adventure"
"41","My Big Fat Greek Wedding","2002",95,"Canada, USA","English, Greek","Comedy, Drama, Romance","Joel Zwick","Nia Vardalos, Michael Constantine, Christina Eleusiniotis, Kaylee Vieira, John Kalangis, Lainie Kazan, Marita Zouravlioff, Sarah Osman, Petra Wildgoose, Melissa Todd, Bess Meisler, Andrea Martin, Louis Mandylor, Gerry Mendicino, Stavroula Logothettis","Gold Circle Films","$ 5000000",241.4,1,0,"Comedy","Romance"
"42","Mystic River","2003",138,"USA, Australia","English","Crime, Drama, Mystery","Clint Eastwood","Sean Penn, Tim Robbins, Kevin Bacon, Laurence Fishburne, Marcia Gay Harden, Laura Linney, Kevin Chapman, Tom Guiry, Emmy Rossum, Spencer Treat Clark, Andrew Mackin, Adam Nelson, Robert Wahlberg, Jenny O'Hara, John Doman","Warner Bros.","$ 25000000",90.1,6,2,"Drama","Drama"
"43","Titanic","1997",194,"USA, Mexico, Australia, Canada","English, Swedish, Italian, French","Drama, Romance","James Cameron","Leonardo DiCaprio, Kate Winslet, Billy Zane, Kathy Bates, Frances Fisher, Gloria Stuart, Bill Paxton, Bernard Hill, David Warner, Victor Garber, Jonathan Hyde, Suzy Amis, Lewis Abernathy, Nicholas Cascone, Anatoly M. Sagalevitch","Twentieth Century Fox","$ 200000000",658.7,14,11,"Drama","Drama"
"44","Dirty Dancing","1987",100,"USA","English","Drama, Music, Romance","Emile Ardolino","Jennifer Grey, Patrick Swayze, Jerry Orbach, Cynthia Rhodes, Jack Weston, Jane Brucker, Kelly Bishop, Lonny Price, Max Cantor, Charles 'Honi' Coles, Neal Jones, 'Cousin Brucie' Morrow, Wayne Knight, Paula Trueman, Alvin Myerovich","Great American Films Limited Partnership","$ 6000000",64,1,1,"Comedy","Romance"
"45","Catch Me If You Can","2002",141,"USA, Canada","English, French","Biography, Crime, Drama","Steven Spielberg","Leonardo DiCaprio, Tom Hanks, Christopher Walken, Martin Sheen, Nathalie Baye, Amy Adams, James Brolin, Brian Howe, Frank John Hughes, Steve Eastin, Chris Ellis, John Finn, Jennifer Garner, Nancy Lenehan, Ellen Pompeo","DreamWorks","$ 52000000",165,2,0,"Comedy","Drama"
"46","Finding Nemo","2003",100,"USA, Australia","English","Animation, Adventure, Comedy","Andrew Stanton, Lee Unkrich","Albert Brooks, Ellen DeGeneres, Alexander Gould, Willem Dafoe, Brad Garrett, Allison Janney, Austin Pendleton, Stephen Root, Vicki Lewis, Joe Ranft, Geoffrey Rush, Andrew Stanton, Elizabeth Perkins, Nicholas Bird, Bob Peterson","Pixar Animation Studios","$ 94000000",380.8,4,1,"Animation","Adventure"
"47","The Matrix","1999",136,"USA","English","Action, Sci-Fi","Lana Wachowski, Lilly Wachowski","Keanu Reeves, Laurence Fishburne, Carrie-Anne Moss, Hugo Weaving, Gloria Foster, Joe Pantoliano, Marcus Chong, Julian Arahanga, Matt Doran, Belinda McClory, Anthony Ray Parker, Paul Goddard, Robert Taylor, David Aston, Marc Aden Gray","Warner Bros.","$ 63000000",171.5,4,4,"Action","Fantasy"
"48","Kill Bill: Vol. 1","2003",111,"USA, Japan","English, Japanese, French","Action, Crime, Thriller","Quentin Tarantino","Uma Thurman, Lucy Liu, Vivica A. Fox, Daryl Hannah, David Carradine, Michael Madsen, Julie Dreyfus, Chiaki Kuriyama, Shin'ichi Chiba, Chia-Hui Liu, Michael Parks, Michael Bowen, Jun Kunimura, Kenji Ohba, Yuki Kazamatsuri","Miramax","$ 30000000",70.1,0,0,"Action","Thriller"
"49","The Wedding Planner","2001",103,"Germany, USA","English, Italian","Comedy, Romance","Adam Shankman","Jennifer Lopez, Matthew McConaughey, Bridgette Wilson-Sampras, Justin Chambers, Judy Greer, Alex Rocco, Joanna Gleason, Charles Kimbrough, Kevin Pollak, Fred Willard, Lou Myers, Frances Bay, Kathy Najimy, Cortney Shounia, Philip Pavel","Columbia Pictures","$ 35000000",60.4,0,0,"Comedy","Romance"
"50","The Shawshank Redemption","1994",142,"USA","English","Drama","Frank Darabont","Tim Robbins, Morgan Freeman, Bob Gunton, William Sadler, Clancy Brown, Gil Bellows, Mark Rolston, James Whitmore, Jeffrey DeMunn, Larry Brandenburg, Neil Giuntoli, Brian Libby, David Proval, Joseph Ragno, Jude Ciccolella","Castle Rock Entertainment","$ 25000000",28.3,7,0,"Drama",NA
"51","The Last Samurai","2003",154,"USA, New Zealand, Japan","English, Japanese","Action, Drama, War","Edward Zwick","Ken Watanabe, Tom Cruise, William Atherton, Chad Lindberg, Ray Godshall Sr., Billy Connolly, Tony Goldwyn, Masato Harada, Masashi Odate, John Koyama, Timothy Spall, Shichinosuke Nakamura, Togo Igawa, Satoshi Nikaido, Shintaro Wada","Warner Bros.","$ 140000000",111.1,4,0,"Adventure","Drama"
"52","John Q","2002",116,"USA","English, Spanish","Crime, Drama, Thriller","Nick Cassavetes","Gabriela Oltean, Denzel Washington, Kimberly Elise, Ron Annabelle, Daniel E. Smith, David Thornton, Barry G. King, Laura Harring, Kevin Connolly, Larissa Laskin, Vanessa Branch, Stephanie Moore, James Finnerty, Anne Heche, James Woods","New Line Cinema","$ 36000000",71.8,0,0,"Drama","Drama"
"53","Swordfish","2001",99,"USA","English, German","Action, Crime, Thriller","Dominic Sena","John Travolta, Hugh Jackman, Halle Berry, Don Cheadle, Sam Shepard, Vinnie Jones, Drea de Matteo, Rudolf Martin, Zach Grenier, Camryn Grimes, Angelo Pagán, Chic Daniel, Kirk B.R. Woller, Carmen Argenziano, Tim DeKay","Hollywood Licensing Group","$ 102000000",69.8,0,0,"Action","Thriller"
"54","The Bourne Supremacy","2004",108,"USA, Germany","English, Russian, German, Italian","Action, Mystery, Thriller","Paul Greengrass","Matt Damon, Franka Potente, Brian Cox, Julia Stiles, Karl Urban, Gabriel Mann, Joan Allen, Marton Csokas, Tom Gallop, John Bedford Lloyd, Ethan Sandler, Michelle Monaghan, Karel Roden, Tomas Arana, Oksana Akinshina","Universal Pictures","$ 75000000",176.2,0,0,"Action","Thriller"
"55","The Terminal","2004",128,"USA","English, Bulgarian, Spanish, Russian, Mandarin, German, French","Comedy, Drama, Romance","Steven Spielberg","Tom Hanks, Catherine Zeta-Jones, Stanley Tucci, Chi McBride, Diego Luna, Barry Shabaka Henley, Kumar Pallana, Zoe Saldana, Eddie Jones, Jude Ciccolella, Corey Reynolds, Guillermo Díaz, Rini Bell, Stephen Mendel, Valeriy Nikolaev","DreamWorks","$ 60000000",77.9,0,0,"Comedy","Romance"
"56","Men in Black II","2002",88,"USA","English","Action, Adventure, Comedy","Barry Sonnenfeld","Tommy Lee Jones, Will Smith, Rip Torn, Lara Flynn Boyle, Johnny Knoxville, Rosario Dawson, Tony Shalhoub, Patrick Warburton, Jack Kehler, David Cross, Colombe Jacobsen-Derstine, Peter Spellos, Michael Rivkin, Michael Bailey Smith, Lenny Venito","Columbia Pictures","$ 140000000",190.4,0,0,"Science fiction","Adventure"
"57","Spider-Man 2","2004",127,"USA","English, Russian, Chinese","Action, Adventure, Sci-Fi","Sam Raimi","Tobey Maguire, Kirsten Dunst, James Franco, Alfred Molina, Rosemary Harris, J.K. Simmons, Donna Murphy, Daniel Gillies, Dylan Baker, Bill Nunn, Vanessa Ferlito, Aasif Mandvi, Willem Dafoe, Cliff Robertson, Ted Raimi","Columbia Pictures","$ 200000000",373.5,3,1,"Adventure","Fantasy"
"58","Braveheart","1995",178,"USA","English, French, Latin, Scottish Gaelic, Italian","Biography, Drama, History","Mel Gibson","James Robinson, Sean Lawlor, Sandy Nelson, James Cosmo, Sean McGinley, Alan Tall, Andrew Weir, Gerda Stevenson, Ralph Riach, Mhairi Calvey, Brian Cox, Patrick McGoohan, Peter Hanly, Sophie Marceau, Stephen Billington","Icon Entertainment International","$ 72000000",75.6,10,5,"Adventure","Drama"
"59","Men in Black","1997",98,"USA","English, Spanish","Action, Adventure, Comedy","Barry Sonnenfeld","Tommy Lee Jones, Will Smith, Linda Fiorentino, Vincent D'Onofrio, Rip Torn, Tony Shalhoub, Siobhan Fallon Hogan, Mike Nussbaum, Jon Gries, Sergio Calderón, Carel Struycken, Fredric Lehne, Richard Hamilton, Kent Faulcon, John Alexander","Columbia Pictures","$ 90000000",250.7,3,1,"Science fiction","Adventure"
"60","Ghost","1990",127,"USA","English","Drama, Fantasy, Romance","Jerry Zucker","Patrick Swayze, Demi Moore, Tony Goldwyn, Stanley Lawrence, Christopher J. Keene, Susan Breslau, Martina Deignan, Rick Kleber, Macka Foley, Rick Aviles, Phil Leeds, John Hugh, Sam Tsoutsouvas, Sharon Breslau, Vincent Schiavelli","Paramount Pictures","$ 22000000",40,5,2,"Comedy","Drama"
"61","Air Force One","1997",124,"USA, Germany","English, Russian","Action, Drama, Thriller","Wolfgang Petersen","Harrison Ford, Gary Oldman, Glenn Close, Wendy Crewson, Liesel Matthews, Paul Guilfoyle, Xander Berkeley, William H. Macy, Dean Stockwell, Tom Everett, Jürgen Prochnow, Donna Bullock, Michael Ray Miller, Carl Weintraub, Elester Latham","Columbia Pictures","$ 85000000",173,2,0,"Adventure","Adventure"
"62","The Lord of the Rings: The Return of the King","2003",201,"New Zealand, USA","English, Quenya, Old English, Sindarin","Action, Adventure, Drama","Peter Jackson","Noel Appleby, Ali Astin, Sean Astin, David Aston, John Bach, Sean Bean, Cate Blanchett, Orlando Bloom, Billy Boyd, Sadwyn Brophy, Alistair Browning, Marton Csokas, Richard Edge, Jason Fitch, Bernard Hill","New Line Cinema","$ 94000000",377.8,11,11,"Fantasy","Adventure"
"63","Man on Fire","2004",146,"USA, UK, Mexico, Switzerland","English, Spanish","Action, Crime, Drama","Tony Scott","Denzel Washington, Dakota Fanning, Radha Mitchell, Christopher Walken, Marc Anthony, Giancarlo Giannini, Mickey Rourke, Rachel Ticotin, Roberto Sosa, Jesús Ochoa, Gero Camilo, Mario Zaragoza, Charles Paraventi, Carmen Salinas, Esteban De La Trinidad","Fox 2000 Pictures","$ 70000000",77.9,0,0,"Action","Drama"
"64","The Incredibles","2004",115,"USA","English, French","Animation, Action, Adventure","Brad Bird","Craig T. Nelson, Holly Hunter, Samuel L. Jackson, Jason Lee, Dominique Louis, Teddy Newton, Jean Sincere, Eli Fucile, Maeve Andrews, Wallace Shawn, Spencer Fox, Lou Romano, Wayne Canney, Sarah Vowell, Michael Bird","Pixar Animation Studios","$ 92000000",261.4,4,2,"Animation","Adventure"
"65","Mr. Deeds","2002",96,"USA","English","Comedy, Romance","Steven Brill","Adam Sandler, Winona Ryder, John Turturro, Allen Covert, Peter Gallagher, Jared Harris, Erick Avari, Peter Dante, Conchata Ferrell, Harve Presnell, Steve Buscemi, Blake Clark, John McEnroe, J.B. Smoove, Tom McNulty","Columbia Pictures","$ 50000000",126.3,0,0,"Comedy","Romance"
"66","Collateral","2004",120,"USA","English, Spanish, French, Korean","Crime, Drama, Thriller","Michael Mann","Tom Cruise, Jamie Foxx, Jada Pinkett Smith, Mark Ruffalo, Peter Berg, Bruce McGill, Irma P. Hall, Barry Shabaka Henley, Richard T. Jones, Klea Scott, Bodhi Elfman, Debi Mazar, Javier Bardem, Emilio Rivera, Jamie McBride","Paramount Pictures","$ 65000000",101,2,0,"Action","Drama"
"67","Spider-Man","2002",121,"USA","English","Action, Adventure, Sci-Fi","Sam Raimi","Tobey Maguire, Willem Dafoe, Kirsten Dunst, James Franco, Cliff Robertson, Rosemary Harris, J.K. Simmons, Joe Manganiello, Gerry Becker, Bill Nunn, Jack Betts, Stanley Anderson, Ron Perkins, Michael Papajohn, K.K. Dodds","Columbia Pictures","$ 139000000",403.7,2,0,"Adventure","Fantasy"
"68","Saving Private Ryan","1998",169,"USA","English, French, German, Czech","Drama, War","Steven Spielberg","Tom Hanks, Tom Sizemore, Edward Burns, Barry Pepper, Adam Goldberg, Vin Diesel, Giovanni Ribisi, Jeremy Davies, Matt Damon, Ted Danson, Paul Giamatti, Dennis Farina, Joerg Stadler, Max Martini, Dylan Bruno","DreamWorks","$ 70000000",216.5,11,5,"Action","Drama"
"69","Erin Brockovich","2000",131,"USA","English","Biography, Drama","Steven Soderbergh","Julia Roberts, David Brisbin, Dawn Didawick, Albert Finney, Valente Rodriguez, Conchata Ferrell, George Rocky Sullivan, Pat Skipper, Jack Gill, Irene Olga López, Emily Marks, Julie Marks, Scotty Leavenworth, Gemmenne de la Peña, Erin Brockovich-Ellis","Universal Pictures","$ 52000000",125.6,5,1,"Drama","Drama"
"70","Monsters, Inc.","2001",92,"USA","English","Animation, Adventure, Comedy","Pete Docter, David Silverman","John Goodman, Billy Crystal, Mary Gibbs, Steve Buscemi, James Coburn, Jennifer Tilly, Bob Peterson, John Ratzenberger, Frank Oz, Daniel Gerson, Steve Susskind, Bonnie Hunt, Jeff Pidgeon, Samuel Lord Black, Jack Angel","Pixar Animation Studios","$ 115000000",289.9,4,1,"Animation","Adventure"
"71","Shrek","2001",90,"USA","English","Animation, Adventure, Comedy","Andrew Adamson, Vicky Jenson","Mike Myers, Eddie Murphy, Cameron Diaz, John Lithgow, Vincent Cassel, Peter Dennis, Clive Pearse, Jim Cummings, Bobby Block, Chris Miller, Cody Cameron, Kathleen Freeman, Michael Galasso, Christopher Knights, Simon J. Smith","DreamWorks Animation","$ 60000000",267.7,2,1,"Animation","Adventure"
"72","The Silence of the Lambs","1991",118,"USA","English, Latin","Crime, Drama, Thriller","Jonathan Demme","Jodie Foster, Lawrence A. Bonney, Kasi Lemmons, Lawrence T. Wrentz, Scott Glenn, Anthony Heald, Frankie Faison, Don Brockett, Frank Seals Jr., Stuart Rudin, Anthony Hopkins, Maria Skorobogatov, Jeffrie Lane, Leib Lensky, George 'Red' Schwartz","Strong Heart/Demme Production","$ 19000000",130.7,7,5,"Crime","Drama"
"73","Memento","2000",113,"USA","English","Mystery, Thriller","Christopher Nolan","Guy Pearce, Carrie-Anne Moss, Joe Pantoliano, Mark Boone Junior, Russ Fega, Jorja Fox, Stephen Tobolowsky, Harriet Sansom Harris, Thomas Lennon, Callum Keith Rennie, Kimberly Campbell, Marianne Muellerleile, Larry Holden","Newmarket Capital Group","$ 9000000",25.5,2,0,"Crime","Drama"
"74","Lara Croft: Tomb Raider","2001",100,"USA, UK, Japan, Germany","English","Action, Adventure, Fantasy","Simon West","Angelina Jolie, Jon Voight, Iain Glen, Noah Taylor, Daniel Craig, Richard Johnson, Chris Barrie, Julian Rhind-Tutt, Leslie Phillips, Robert Phillips, Rachel Appleton, Henry Wyndham, David Cheung, David Tse, Ozzie Yue","Paramount Pictures","$ 115000000",131.2,0,0,"Adventure","Adventure"
"75","Ferris Bueller's Day Off","1986",103,"USA","English, German","Comedy","John Hughes","Matthew Broderick, Alan Ruck, Mia Sara, Jeffrey Jones, Jennifer Grey, Cindy Pickett, Lyman Ward, Edie McClurg, Charlie Sheen, Ben Stein, Del Close, Virginia Capers, Richard Edson, Larry Flash Jenkins, Kristy Swanson","Paramount Pictures","$ 6000000",70.1,0,0,"Comedy",NA
"76","Maid in Manhattan","2002",105,"USA","English, French, Spanish","Comedy, Drama, Romance","Wayne Wang","Jennifer Lopez, Ralph Fiennes, Natasha Richardson, Stanley Tucci, Tyler Posey, Frances Conroy, Chris Eigeman, Amy Sedaris, Marissa Matrone, Priscilla Lopez, Bob Hoskins, Lisa Roberts Gillan, Maddie Corman, Sharon Wilkins, Jayne Houdyshell","Revolution Studios","$ 55000000",94,0,0,"Comedy","Romance"
"77","Entrapment","1999",113,"USA, UK, Germany","English","Action, Crime, Romance","Jon Amiel","Sean Connery, Catherine Zeta-Jones, Ving Rhames, Will Patton, Maury Chaykin, Kevin McNally, Terry O'Neill, Madhav Sharma, David Yip, Tim Potter, Eric Meyers, Aaron Swartz, William Marsh, Tony Xu, Rolf Saxon","Twentieth Century Fox","$ 66000000",87.7,0,0,"Action","Romance"
"78","Meet the Parents","2000",108,"USA","English, Thai, Spanish, Hebrew, French","Comedy, Romance","Jay Roach","Robert De Niro, Ben Stiller, Teri Polo, Blythe Danner, Nicole DeHuff, Jon Abrahams, Owen Wilson, James Rebhorn, Tom McCarthy, Phyllis George, Kali Rocha, Bernie Sheredy, Judah Friedlander, Peter Bartlett, John Elsen","Universal Pictures","$ 55000000",166.2,1,0,"Comedy","Romance"
"79","Dodgeball: A True Underdog Story","2004",92,"USA","English, German","Comedy, Sport","Rawson Marshall Thurber","Vince Vaughn, Christine Taylor, Ben Stiller, Rip Torn, Justin Long, Stephen Root, Joel David Moore, Chris Williams, Alan Tudyk, Missi Pyle, Jamal Duff, Gary Cole, Jason Bateman, Hank Azaria, Al Kaplon","Twentieth Century Fox","$ 20000000",114.3,0,0,"Comedy","Sport"
"80","Rain Man","1988",133,"USA","English, Italian","Drama","Barry Levinson","Dustin Hoffman, Tom Cruise, Valeria Golino, Gerald R. Molen, Jack Murdock, Michael D. Roberts, Ralph Seymour, Lucinda Jenney, Bonnie Hunt, Kim Robillard, Beth Grant, Dolan Dougherty, Marshall Dougherty, Patrick Dougherty, John-Michael Dougherty","United Artists","$ 25000000",172.8,8,4,"Drama","Drama"
"81","Patch Adams","1998",115,"USA","English","Biography, Comedy, Drama","Tom Shadyac","Robin Williams, Daniel London, Monica Potter, Philip Seymour Hoffman, Bob Gunton, Josef Sommer, Irma P. Hall, Frances Lee McCain, Harve Presnell, Daniella Kuhn, Peter Coyote, James Greene, Michael Jeter, Harold Gould, Bruce Bohne","Universal Pictures","$ 90000000",135,1,0,"Comedy","Drama"
"82","Big Fish","2003",125,"USA","English, Cantonese","Adventure, Drama, Fantasy","Tim Burton","Ewan McGregor, Albert Finney, Billy Crudup, Jessica Lange, Helena Bonham Carter, Alison Lohman, Robert Guillaume, Marion Cotillard, Matthew McGrory, David Denman, Missi Pyle, Loudon Wainwright III, Ada Tai, Arlene Tai, Steve Buscemi","Columbia Pictures","$ 70000000",0.3,1,0,"Comedy","Drama"
"83","Fight Club","1999",139,"USA, Germany","English","Drama","David Fincher","Edward Norton, Brad Pitt, Meat Loaf, Zach Grenier, Richmond Arquette, David Andrews, George Maguire, Eugenie Bondurant, Helena Bonham Carter, Christina Cabot, Sydney 'Big Dawg' Colston, Rachel Singer, Christie Cronenweth, Tim DeZarn, Ezra Buzzington","Fox 2000 Pictures","$ 63000000",37,1,0,"Drama","Drama"
"84","S.W.A.T.","2003",117,"USA","English, Spanish, French","Action, Adventure, Crime","Clark Johnson","Samuel L. Jackson, Colin Farrell, Michelle Rodriguez, LL Cool J, Josh Charles, Jeremy Renner, Brian Van Holt, Olivier Martinez, Reg E. Cathey, Larry Poindexter, Page Kennedy, Domenick Lombardozzi, James DuMont, Denis Arndt, Lindsey Ginter","Columbia Pictures","$ 80000000",116.9,0,0,"Action","Adventure"
"85","Good Will Hunting","1997",126,"USA","English","Drama, Romance","Gus Van Sant","Matt Damon, Ben Affleck, Stellan Skarsgård, John Mighton, Rachel Majorowski, Colleen McCauley, Casey Affleck, Cole Hauser, Matt Mercier, Ralph St. George, Rob Lynds, Dan Washington, Alison Folland, Derrick Bridgeman, Vik Sahay","Be Gentlemen Limited Partnership","$ 10000000",138.4,9,2,"Drama","Drama"
"86","A Few Good Men","1992",138,"USA","English, French","Drama, Thriller","Rob Reiner","Tom Cruise, Jack Nicholson, Demi Moore, Kevin Bacon, Kiefer Sutherland, Kevin Pollak, James Marshall, J.T. Walsh, Christopher Guest, J.A. Preston, Matt Craven, Wolfgang Bodison, Xander Berkeley, John M. Jackson, Noah Wyle","Columbia Pictures","$ 41000000",141.3,4,0,"Drama","Drama"
"87","Enemy of the State","1998",132,"USA","English","Action, Thriller","Tony Scott","Will Smith, Gene Hackman, Jon Voight, Lisa Bonet, Regina King, Stuart Wilson, Laura Cayouette, Loren Dean, Barry Pepper, Ian Hart, Jake Busey, Scott Caan, Jason Lee, Gabriel Byrne, James Le Gros","Touchstone Pictures","$ 90000000",111.5,0,0,"Action","Thriller"
"88","The General's Daughter","1999",116,"USA, Germany","English","Crime, Drama, Mystery","Simon West","John Travolta, Madeleine Stowe, James Cromwell, Timothy Hutton, Leslie Stefanson, Daniel von Bargen, Clarence Williams III, James Woods, Peter Weireter, Mark Boone Junior, John Beasley, Boyd Kestner, Brad Beyer, John Benjamin Hickey, Rick Dial","Paramount Pictures","$ 95000000",102.7,0,0,"Adventure","Drama"
"89","Minority Report","2002",145,"USA","English, Swedish","Action, Crime, Mystery","Steven Spielberg","Tom Cruise, Max von Sydow, Steve Harris, Neal McDonough, Patrick Kilpatrick, Jessica Capshaw, Richard Coca, Keith Campbell, Kirk B.R. Woller, Klea Scott, Frank Grillo, Anna Maria Horsford, Sarah Simmons, Eugene Osment, James Henderson","Twentieth Century Fox","$ 102000000",132.1,1,0,"Science fiction",NA
"90","Something's Gotta Give","2003",128,"USA","English, French","Comedy, Drama, Romance","Nancy Meyers","Jack Nicholson, Diane Keaton, Keanu Reeves, Frances McDormand, Amanda Peet, Jon Favreau, Paul Michael Glaser, Rachel Ticotin, Paige Butcher, Tanya Sweet, Kristine Szabo, Daniella Van Graas, Tamara Spoelder, Sonja Francis, Vanessa Trump","Columbia Pictures","$ 80000000",124.7,1,0,"Comedy","Drama"
"91","Raiders of the Lost Ark","1981",115,"USA","English, German, Hebrew, Spanish, Arabic, Nepali","Action, Adventure","Steven Spielberg","Harrison Ford, Karen Allen, Paul Freeman, Ronald Lacey, John Rhys-Davies, Denholm Elliott, Alfred Molina, Wolf Kahler, Anthony Higgins, Vic Tablian, Don Fellows, William Hootkins, Bill Reimbold, Fred Sorenson, Patrick Durkin","Paramount Pictures","$ 18000000",248.2,9,5,"Adventure","Adventure"
"92","Anger Management","2003",106,"USA","English","Comedy","Peter Segal","Adam Sandler, Jack Nicholson, Marisa Tomei, Luis Guzmán, Allen Covert, Lynne Thigpen, Kurt Fuller, Jonathan Loughran, Krista Allen, January Jones, Woody Harrelson, John Turturro, Kevin Nealon, Conrad Goode, Gina Gallego","Revolution Studios","$ 75000000",136,0,0,"Comedy",NA
"93","Sideways","2004",127,"USA, Hungary","English, Armenian","Comedy, Drama, Romance","Alexander Payne","Paul Giamatti, Thomas Haden Church, Virginia Madsen, Sandra Oh, Marylouise Burke, Jessica Hecht, Missy Doty, M.C. Gainey, Alysia Reiner, Shake Tukhmanyan, Shaun Duke, Robert Covarrubias, Patrick Gallagher, Stephanie Faracy, Joe Marinelli","Fox Searchlight Pictures","$ 16000000",2.1,5,1,"Comedy","Drama"
"94","Kill Bill: Vol. 2","2004",137,"USA","English, Cantonese, Mandarin, Spanish","Action, Crime, Thriller","Quentin Tarantino","Vivica A. Fox, Ambrosia Kelley, Michael Parks, James Parks, Jonathan Loughran, Michael Bowen, Kenji Ohba, Yoshiyuki Morishita, Jun Kunimura, Goro Daimon, Kazuki Kitamura, Akaji Maro, Shun Sugata, Sachiko Fujii, Ronnie Yoshiko Fujiyama","Miramax","$ 30000000",66.2,0,0,"Action","Thriller"
"95","American Pie","1999",95,"USA","English","Comedy","Paul Weitz, Chris Weitz","Jason Biggs, Jennifer Coolidge, Shannon Elizabeth, Alyson Hannigan, Chris Klein, Clyde Kusatsu, Eugene Levy, Natasha Lyonne, Thomas Ian Nicholas, Chris Owen, Lawrence Pressman, Tara Reid, Seann William Scott, Mena Suvari, Eddie Kaye Thomas","Universal Pictures","$ 11000000",102.6,0,0,"Comedy",NA
"96","The Fast and the Furious","2001",106,"USA, Germany","English, Spanish","Action, Crime, Thriller","Rob Cohen","Paul Walker, Vin Diesel, Michelle Rodriguez, Jordana Brewster, Rick Yune, Chad Lindberg, Johnny Strong, Matt Schulze, Ted Levine, Ja Rule, Vyto Ruginis, Thom Barry, Stanton Rutledge, Noel Gugliemi, R.J. de Vera","Universal Pictures","$ 38000000",200,0,0,"Action","Thriller"
"97","The School of Rock","2003",109,"USA, Germany","English","Comedy, Music","Richard Linklater","Jack Black, Adam Pascal, Lucas Papaelias, Chris Stack, Sarah Silverman, Mike White, Lucas Babin, Joan Cusack, Jordan-Claire Green, Veronica Afflerbach, Miranda Cosgrove, Joey Gaydos Jr., Robert Tsai, Angelo Massagli, Kevin Alexander Clark","Paramount Pictures","$ 35000000",81.3,0,0,"Comedy","Music"
"98","Napoleon Dynamite","2004",96,"USA","English","Comedy","Jared Hess","Jon Heder, Jon Gries, Aaron Ruell, Efren Ramirez, Diedrich Bader, Tina Majorino, Sandy Martin, Haylie Duff, Trevor Snarr, Shondrella Avery, Bracken Johnson, Carmen Brady, Ellen Dubin, J.C. Cunningham, Jimmy Stevens","Fox Searchlight Pictures","$ 400000",44.5,0,0,"Comedy",NA
"99","The Notebook","2004",123,"USA","English","Drama, Romance","Nick Cassavetes","Tim Ivey, Gena Rowlands, Starletta DuPois, James Garner, Anthony-Michael Q. Thomas, Ed Grady, Renée Amber, Jennifer Echols, Geoffrey Knight, Kevin Connolly, Ryan Gosling, Heather Wahlquist, Rachel McAdams, Andrew Schaff, Matt Shelly","New Line Cinema","$ 29000000",81,0,0,"Drama","Drama"
"100","Miss Congeniality","2000",109,"USA","English, Russian, French, Hawaiian, Spanish","Action, Comedy, Crime","Donald Petrie","Sandra Bullock, Michael Caine, Benjamin Bratt, Candice Bergen, William Shatner, Ernie Hudson, John DiResta, Heather Burns, Melissa De Sousa, Steve Monroe, Deirdre Quinn, Wendy Raquel Robinson, Asia De Marcos, Ken Thomas, Gabriel Folse","Castle Rock Entertainment","$ 45000000",106.8,0,0,"Comedy","Action"
