"","imdb_title_id","title","original_title","year","date_published","genre","duration","country","language","director","writer","production_company","actors","description","avg_vote","votes","budget","usa_gross_income","worlwide_gross_income","metascore","reviews_from_users","reviews_from_critics"
"36628","tt0212346","Miss Detective","Miss Congeniality",2000,"2001-03-30","Action, Comedy, Crime",109,"USA","English, Russian, French, Hawaiian, Spanish","Donald Petrie","Marc Lawrence, Katie Ford","Castle Rock Entertainment","Sandra Bullock, Michael Caine, Benjamin Bratt, Candice Bergen, William Shatner, Ernie Hudson, John DiResta, Heather Burns, Melissa De Sousa, Steve Monroe, Deirdre Quinn, Wendy Raquel Robinson, Asia De Marcos, Ken Thomas, Gabriel Folse","An F.B.I. Agent must go undercover in the Miss United States beauty pageant to prevent a group from bombing the event.",6.2,183055,"$ 45000000","$ 106807667","$ 212742720",43,393,134
"29830","tt0116629","Independence Day","Independence Day",1996,"1996-09-27","Action, Adventure, Sci-Fi",145,"USA","English","Roland Emmerich","Dean Devlin, Roland Emmerich","Twentieth Century Fox","Will Smith, Bill Pullman, Jeff Goldblum, Mary McDonnell, Judd Hirsch, Robert Loggia, Randy Quaid, Margaret Colin, James Rebhorn, Harvey Fierstein, Adam Baldwin, Brent Spiner, James Duval, Vivica A. Fox, Lisa Jakub","The aliens are coming and their goal is to invade and destroy Earth. Fighting superior technology, mankind's best weapon is the will to survive.",7,520255,"$ 75000000","$ 306169268","$ 817400891",59,946,201
"35329","tt0187393","Il patriota","The Patriot",2000,"2000-08-25","Action, Drama, History",165,"USA, Germany","English, French","Roland Emmerich","Robert Rodat","Columbia Pictures","Mel Gibson, Heath Ledger, Joely Richardson, Jason Isaacs, Chris Cooper, Tchéky Karyo, Rene Auberjonois, Lisa Brenner, Tom Wilkinson, Donal Logue, Leon Rippy, Adam Baldwin, Jay Arlen Jones, Joey D. Vieira, Gregory Smith","Peaceful farmer Benjamin Martin is driven to lead the Colonial Militia during the American Revolution when a sadistic British officer murders his son.",7.2,250764,"$ 110000000","$ 113330342","$ 215294342",63,1196,206
"41910","tt0319262","The Day After Tomorrow - L'alba del giorno dopo","The Day After Tomorrow",2004,"2004-05-28","Action, Adventure, Sci-Fi",124,"USA","English, Japanese, French, Arabic","Roland Emmerich","Roland Emmerich, Roland Emmerich","Twentieth Century Fox","Dennis Quaid, Jake Gyllenhaal, Emmy Rossum, Dash Mihok, Jay O. Sanders, Sela Ward, Austin Nichols, Arjay Smith, Tamlyn Tomita, Sasha Roiz, Ian Holm, Nassim Sharara, Carl Alacchi, Kenneth Welsh, Michel 'Gish' Abou-Samah","Jack Hall, paleoclimatologist, must make a daring trek from Washington, D.C. to New York City to reach his son, trapped in the cross-hairs of a sudden international storm which plunges the planet into a new Ice Age.",6.4,408418,"$ 125000000","$ 186740799","$ 552639571",47,1225,239
"42142","tt0325980","La maledizione della prima luna","Pirates of the Caribbean: The Curse of the Black Pearl",2003,"2003-09-05","Action, Adventure, Fantasy",143,"USA","English","Gore Verbinski","Ted Elliott, Terry Rossio","Walt Disney Pictures","Johnny Depp, Geoffrey Rush, Orlando Bloom, Keira Knightley, Jack Davenport, Jonathan Pryce, Lee Arenberg, Mackenzie Crook, Damian O'Hare, Giles New, Angus Barnett, David Bailie, Michael Berry Jr., Isaac C. Singleton Jr., Kevin McNally","Blacksmith Will Turner teams up with eccentric pirate ""Captain"" Jack Sparrow to save his love, the governor's daughter, from Jack's former pirate allies, who are now undead.",8,1001260,"$ 140000000","$ 305413918","$ 654264015",63,2196,292
"25514","tt0100405","Pretty Woman","Pretty Woman",1990,"1990-08-14","Comedy, Romance",119,"USA","English","Garry Marshall","J.F. Lawton","Touchstone Pictures","Richard Gere, Julia Roberts, Ralph Bellamy, Jason Alexander, Laura San Giacomo, Alex Hyde-White, Amy Yasbeck, Elinor Donahue, Hector Elizondo, Judith Baldwin, Jason Randal, Bill Applebaum, Tracy Bjork, Gary Greene, Billy Gallo","A man in a legal but hurtful business needs an escort for some social events, and hires a beautiful prostitute he meets... only to fall in love.",7,281688,"$ 14000000","$ 178406268","$ 463407097",51,334,82
"28067","tt0109830","Forrest Gump","Forrest Gump",1994,"1994-10-06","Drama, Romance",142,"USA","English","Robert Zemeckis","Winston Groom, Eric Roth","Paramount Pictures","Tom Hanks, Rebecca Williams, Sally Field, Michael Conner Humphreys, Harold G. Herthum, George Kelly, Bob Penny, John Randall, Sam Anderson, Margo Moorer, Ione M. Telech, Christine Seabrook, John Worsham, Peter Dobson, Siobhan Fallon Hogan","The presidencies of Kennedy and Johnson, the events of Vietnam, Watergate and other historical events unfold through the perspective of an Alabama man with an IQ of 75, whose only desire is to be reunited with his childhood sweetheart.",8.8,1755490,"$ 55000000","$ 330455270","$ 678229452",82,2416,169
"31251","tt0120689","Il miglio verde","The Green Mile",1999,"2000-03-10","Crime, Drama, Fantasy",189,"USA","English, French","Frank Darabont","Stephen King, Frank Darabont","Castle Rock Entertainment","Tom Hanks, David Morse, Bonnie Hunt, Michael Clarke Duncan, James Cromwell, Michael Jeter, Graham Greene, Doug Hutchison, Sam Rockwell, Barry Pepper, Jeffrey DeMunn, Patricia Clarkson, Harry Dean Stanton, Dabbs Greer, Eve Brent","The lives of guards on Death Row are affected by one of their charges: a black man accused of child murder and rape, yet who has a mysterious gift.",8.6,1112336,"$ 60000000","$ 136801374","$ 286801374",61,1761,205
"30488","tt0118880","Con Air","Con Air",1997,"1997-08-22","Action, Crime, Thriller",115,"USA","English, Spanish","Simon West","Scott Rosenberg","Touchstone Pictures","Colm Meaney, Mykelti Williamson, Nick Chinlund, Renoly Santiago, John Malkovich, Ving Rhames, Dave Chappelle, Rachel Ticotin, Steve Eastin, Steve Buscemi, Danny Trejo, M.C. Gainey, Landry Allbright, John Cusack, Monica Potter","Newly paroled ex-con and former U.S. Ranger Cameron Poe finds himself trapped in a prisoner transport plane when the passengers seize control.",6.9,271350,"$ 75000000","$ 101117573","$ 224012234",52,402,133
"30250","tt0117998","Twister","Twister",1996,"1996-10-25","Action, Adventure, Thriller",113,"USA","English","Jan de Bont","Michael Crichton, Anne-Marie Martin","Warner Bros.","Helen Hunt, Bill Paxton, Cary Elwes, Jami Gertz, Philip Seymour Hoffman, Lois Smith, Alan Ruck, Sean Whalen, Scott Thomson, Todd Field, Joey Slotnick, Wendle Josepher, Jeremy Davies, Zach Grenier, Gregory Sporleder","Bill and Jo Harding, advanced storm chasers on the brink of divorce, must join together to create an advanced weather alert system by putting themselves in the cross-hairs of extremely violent tornadoes.",6.4,173857,"$ 92000000","$ 241721524","$ 494471524",68,442,119
"38641","tt0256415","Tutta colpa dell'amore - Sweet home Alabama","Sweet Home Alabama",2002,"2002-12-20","Comedy, Romance",108,"USA","English","Andy Tennant","Douglas J. Eboch, C. Jay Cox","Touchstone Pictures","Reese Witherspoon, Josh Lucas, Patrick Dempsey, Candice Bergen, Mary Kay Place, Fred Ward, Jean Smart, Ethan Embry, Melanie Lynskey, Courtney Gains, Mary Lynn Rajskub, Rhona Mitra, Nathan Lee Graham, Sean Bridgers, Fleet Cooper","A young woman who's reinvented herself as a New York City socialite must return home to Alabama to obtain a divorce from her husband, after seven years of separation.",6.2,100636,"$ 30000000","$ 127223418","$ 180622424",45,408,75
"36665","tt0213149","Pearl Harbor","Pearl Harbor",2001,"2001-06-01","Action, Drama, History",183,"USA","English, Japanese, French","Michael Bay","Randall Wallace","Touchstone Pictures","Ben Affleck, Josh Hartnett, Kate Beckinsale, William Lee Scott, Greg Zola, Ewen Bremner, Alec Baldwin, Jaime King, Catherine Kellner, Jennifer Garner, Jon Voight, Cuba Gooding Jr., Michael Shannon, Matthew Davis, Mako","A tale of war and romance mixed in with history. The story follows two lifelong friends and a beautiful nurse who are caught up in the horror of an infamous Sunday morning in 1941.",6.2,306993,"$ 140000000","$ 198542554","$ 449220945",44,2026,199
"31191","tt0120591","Armageddon - Giudizio finale","Armageddon",1998,"1998-09-04","Action, Adventure, Sci-Fi",151,"USA","English, Russian, Indonesian","Michael Bay","Jonathan Hensleigh, J.J. Abrams","Touchstone Pictures","Bruce Willis, Billy Bob Thornton, Ben Affleck, Liv Tyler, Will Patton, Steve Buscemi, William Fichtner, Owen Wilson, Michael Clarke Duncan, Peter Stormare, Ken Hudson Campbell, Jessica Steen, Keith David, Chris Ellis, Jason Isaacs","After discovering that an asteroid the size of Texas is going to impact Earth in less than a month, NASA recruits a misfit team of deep-core drillers to save the planet.",6.7,389810,"$ 140000000","$ 201578182","$ 553709788",42,1228,171
"30108","tt0117500","The Rock","The Rock",1996,"1996-08-30","Action, Adventure, Thriller",136,"USA","English","Michael Bay","David Weisberg, Douglas Cook","Hollywood Pictures","Sean Connery, Nicolas Cage, Ed Harris, John Spencer, David Morse, William Forsythe, Michael Biehn, Vanessa Marcil, John C. McGinley, Gregory Sporleder, Tony Todd, Bokeem Woodbine, Jim Maniaci, Greg Collins, Brendan Kelly","A mild-mannered chemist and an ex-con must lead the counterstrike when a rogue group of military men, led by a renegade general, threaten a nerve gas attack from Alcatraz against San Francisco.",7.4,307112,"$ 75000000","$ 134069511","$ 335062621",58,470,129
"36390","tt0207201","What Women Want - Quello che le donne vogliono","What Women Want",2000,"2001-02-09","Comedy, Fantasy, Romance",127,"USA","English","Nancy Meyers","Josh Goldsmith, Cathy Yuspa","Paramount Pictures","Mel Gibson, Helen Hunt, Marisa Tomei, Alan Alda, Ashley Johnson, Mark Feuerstein, Lauren Holly, Delta Burke, Valerie Perrine, Judy Greer, Sarah Paulson, Ana Gasteyer, Lisa Edelstein, Loretta Devine, Diana Maria Riva","After an accident, a chauvinistic executive gains the ability to hear what women are really thinking.",6.4,188711,"$ 70000000","$ 182811707","$ 374111707",47,409,157
"41740","tt0315327","Una settimana da Dio","Bruce Almighty",2003,"2003-05-30","Comedy, Fantasy",101,"USA","English, Spanish","Tom Shadyac","Steve Koren, Mark O'Keefe","Spyglass Entertainment","Jim Carrey, Morgan Freeman, Jennifer Aniston, Philip Baker Hall, Catherine Bell, Lisa Ann Walter, Steve Carell, Nora Dunn, Eddie Jemison, Paul Satterfield, Mark Kiely, Sally Kirkland, Tony Bennett, Timothy Di Pri, Brian Tahash","A guy who complains about God too often is given almighty powers to teach him how difficult it is to run the world.",6.8,365635,"$ 81000000","$ 242829261","$ 484592874",46,642,182
"37766","tt0240772","Ocean's Eleven - Fate il vostro gioco","Ocean's Eleven",2001,"2001-12-21","Crime, Thriller",116,"USA","English, Italian, Cantonese","Steven Soderbergh","George Clayton Johnson, Jack Golden Russell","Warner Bros.","George Clooney, Cecelia Ann Birt, Paul L. Nolan, Carol Florence, Lori Galinski, Bernie Mac, Brad Pitt, Mark Gantt, Tim Perez, Elliott Gould, Frank Patton III, Casey Affleck, Scott Caan, Eddie Jemison, Jorge R. Hernandez","Danny Ocean and his ten accomplices plan to rob three Las Vegas casinos simultaneously.",7.7,504464,"$ 85000000","$ 183417150","$ 450717150",74,945,210
"38713","tt0258463","The Bourne Identity","The Bourne Identity",2002,"2002-11-15","Action, Mystery, Thriller",119,"USA, Germany, Czech Republic, France","English, French, German, Dutch, Italian, Yoruba","Doug Liman","Tony Gilroy, W. Blake Herron","Universal Pictures","Matt Damon, Franka Potente, Chris Cooper, Clive Owen, Brian Cox, Adewale Akinnuoye-Agbaje, Gabriel Mann, Walton Goggins, Josh Hamilton, Julia Stiles, Orso Maria Guerrini, Tim Dutton, Denis Braccini, Nicky Naudé, David Selburg","A man is picked up by a fishing boat, bullet-riddled and suffering from amnesia, before racing to elude assassins and attempting to regain his memory.",7.9,499095,"$ 60000000","$ 121661683","$ 214034224",68,915,249
"41842","tt0317740","The Italian Job","The Italian Job",2003,"2003-07-11","Action, Crime, Thriller",111,"USA, France, Italy, UK, Germany","English, Russian, Italian","F. Gary Gray","Troy Kennedy-Martin, Donna Powers","Paramount Pictures","Mark Wahlberg, Charlize Theron, Donald Sutherland, Jason Statham, Seth Green, Yasiin Bey, Edward Norton, Fausto Callegarini, Stefano Petronelli, Fabio Scarpa, Cristiano Bonora, Tiberio Greco, Jimmy Shubert, Tammi Cubilette, Mary Portser","After being betrayed and left for dead in Italy, Charlie Croker and his team plan an elaborate gold heist against their former ally.",7,337492,"$ 60000000","$ 106128601","$ 176070171",68,525,169
"42821","tt0343818","Io, robot","I, Robot",2004,"2004-10-22","Action, Drama, Sci-Fi",115,"USA, Germany","English","Alex Proyas","Jeff Vintar, Akiva Goldsman","Twentieth Century Fox","Will Smith, Bridget Moynahan, Alan Tudyk, James Cromwell, Bruce Greenwood, Adrian Ricard, Chi McBride, Jerry Wasserman, Fiona Hogan, Peter Shinkoda, Terry Chen, David Haysom, Scott Heindl, Sharon Wilkins, Craig March","In 2035, a technophobic cop investigates a crime that may have been perpetrated by a robot, which leads to a larger threat to humanity.",7.1,490975,"$ 120000000","$ 144801023","$ 353133898",59,842,219
"34296","tt0169547","American Beauty","American Beauty",1999,"2000-01-21","Drama",122,"USA","English","Sam Mendes","Alan Ball","DreamWorks","Kevin Spacey, Annette Bening, Thora Birch, Wes Bentley, Mena Suvari, Peter Gallagher, Allison Janney, Chris Cooper, Scott Bakula, Sam Robards, Barry Del Sherman, Ara Celi, John Cho, Fort Atkinson, Sue Casey","A sexually frustrated suburban father has a mid-life crisis after becoming infatuated with his daughter's best friend.",8.3,1049009,"$ 15000000","$ 130096601","$ 356296601",84,2903,198
"38320","tt0251127","Come farsi lasciare in 10 giorni","How to Lose a Guy in 10 Days",2003,"2003-04-24","Comedy, Romance",116,"USA, Germany","English","Donald Petrie","Michele Alexander, Jeannie Long","Lynda Obst Productions","Kate Hudson, Matthew McConaughey, Kathryn Hahn, Annie Parisse, Adam Goldberg, Thomas Lennon, Michael Michele, Shalom Harlow, Robert Klein, Bebe Neuwirth, Samantha Quan, Justin Peroff, Celia Weston, James Murtaugh, Archie MacGregor","Benjamin Barry is an advertising executive and ladies' man who, to win a big campaign, bets that he can make a woman fall in love with him in 10 days.",6.4,205336,"$ 50000000","$ 105813373","$ 177502387",45,387,133
"31466","tt0122151","Arma letale 4","Lethal Weapon 4",1998,"1998-08-10","Action, Crime, Thriller",127,"USA","English, Cantonese, Mandarin","Richard Donner","Shane Black, Jonathan Lemkin","Warner Bros.","Mel Gibson, Danny Glover, Joe Pesci, Rene Russo, Chris Rock, Jet Li, Steve Kahan, Kim Chan, Darlene Love, Traci Wolfe, Eddy Ko, Jack Kehler, Calvin Jung, Damon Hines, Ebonie Smith","With personal crises and age weighing in on them, LAPD officers Riggs and Murtaugh must contend with deadly Chinese triads that are trying to free their former leaders out of prison and onto American soil.",6.6,151030,"$ 140000000","$ 130444603","$ 285444603",37,310,158
"40978","tt0298148","Shrek 2","Shrek 2",2004,"2004-12-17","Animation, Adventure, Comedy",93,"USA","English","Andrew Adamson, Kelly Asbury","William Steig, Andrew Adamson","DreamWorks","Mike Myers, Eddie Murphy, Cameron Diaz, Julie Andrews, Antonio Banderas, John Cleese, Rupert Everett, Jennifer Saunders, Aron Warner, Kelly Asbury, Cody Cameron, Conrad Vernon, Christopher Knights, David P. Smith, Mark Moseley","Shrek and Fiona travel to the Kingdom of Far Far Away, where Fiona's parents are King and Queen, to celebrate their marriage. When they arrive, they find they are not as welcome as they thought they would be.",7.2,410089,"$ 150000000","$ 441226247","$ 928760770",75,546,200
"42485","tt0335266","Lost in Translation - L'amore tradotto","Lost in Translation",2003,"2003-12-05","Comedy, Drama",102,"USA, Japan","English, Japanese, German, French","Sofia Coppola","Sofia Coppola","Focus Features","Scarlett Johansson, Bill Murray, Akiko Takeshita, Kazuyoshi Minamimagoe, Kazuko Shibata, Take, Ryuichiro Baba, Akira Yamaguchi, Catherine Lambert, François du Bois, Tim Leffman, Gregory Pekar, Richard Allen, Giovanni Ribisi, Diamond Yukai","A faded movie star and a neglected young woman form an unlikely bond after crossing paths in Tokyo.",7.7,403588,"$ 4000000","$ 44585453","$ 118685453",89,1988,290
"22904","tt0092099","Top Gun","Top Gun",1986,"1986-09-18","Action, Drama",110,"USA","English","Tony Scott","Jim Cash, Jack Epps Jr.","Paramount Pictures","Tom Cruise, Kelly McGillis, Val Kilmer, Anthony Edwards, Tom Skerritt, Michael Ironside, John Stockwell, Barry Tubb, Rick Rossovich, Tim Robbins, Clarence Gilyard Jr., Whip Hubley, James Tolkan, Meg Ryan, Adrian Pasdar","As students at the United States Navy's elite fighter weapons school compete to be best in the class, one daring young pilot learns a few things from a civilian instructor that are not taught in the classroom.",6.9,287577,"$ 15000000","$ 179800601","$ 356830601",50,497,196
"28382","tt0110912","Pulp Fiction","Pulp Fiction",1994,"1994-10-28","Crime, Drama",154,"USA","English, Spanish, French","Quentin Tarantino","Quentin Tarantino, Roger Avary","Miramax","Tim Roth, Amanda Plummer, Laura Lovelace, John Travolta, Samuel L. Jackson, Phil LaMarr, Frank Whaley, Burr Steers, Bruce Willis, Ving Rhames, Paul Calderon, Bronagh Gallagher, Rosanna Arquette, Eric Stoltz, Uma Thurman","The lives of two mob hitmen, a boxer, a gangster and his wife, and a pair of diner bandits intertwine in four tales of violence and redemption.",8.9,1780147,"$ 8000000","$ 107928762","$ 222831817",94,3058,289
"35304","tt0187078","Fuori in 60 secondi","Gone in Sixty Seconds",2000,"2000-09-15","Action, Crime, Thriller",118,"USA","English","Dominic Sena","H.B. Halicki, Scott Rosenberg","Touchstone Pictures","Nicolas Cage, Giovanni Ribisi, Angelina Jolie, T.J. Cross, William Lee Scott, Scott Caan, James Duval, Will Patton, Delroy Lindo, Timothy Olyphant, Chi McBride, Robert Duvall, Christopher Eccleston, Vinnie Jones, Grace Zabriskie","A retired master car thief must come back to the industry and steal fifty cars with his crew in one night to save his brother's life.",6.5,256788,"$ 90000000","$ 101648571","$ 237202299",35,552,135
"34148","tt0167404","The Sixth Sense - Il sesto senso","The Sixth Sense",1999,"1999-10-29","Drama, Mystery, Thriller",107,"USA","English, Latin, Spanish","M. Night Shyamalan","M. Night Shyamalan","Hollywood Pictures","Bruce Willis, Haley Joel Osment, Toni Collette, Olivia Williams, Trevor Morgan, Donnie Wahlberg, Peter Anthony Tambakis, Jeffrey Zubernis, Bruce Norris, Glenn Fitzgerald, Greg Wood, Mischa Barton, Angelica Page, Lisa Summerour, Firdous Bamji","A boy who communicates with spirits seeks the help of a disheartened child psychologist.",8.1,894385,"$ 40000000","$ 293506292","$ 672806292",64,2233,265
"34129","tt0167261","Il Signore degli Anelli - Le due torri","The Lord of the Rings: The Two Towers",2002,"2003-01-16","Action, Adventure, Drama",179,"New Zealand, USA","English, Sindarin, Old English","Peter Jackson","J.R.R. Tolkien, Fran Walsh","New Line Cinema","Bruce Allpress, Sean Astin, John Bach, Sala Baker, Cate Blanchett, Orlando Bloom, Billy Boyd, Jed Brophy, Sam Comery, Brad Dourif, Calum Gittins, Bernard Hill, Bruce Hopkins, Paris Howe Strewe, Christopher Lee","While Frodo and Sam edge closer to Mordor with the help of the shifty Gollum, the divided fellowship makes a stand against Sauron's new ally, Saruman, and his hordes of Isengard.",8.7,1449778,"$ 94000000","$ 342551365","$ 951227416",87,2575,324
"36162","tt0203019","Men of Honor - L'onore degli uomini","Men of Honor",2000,"2001-04-13","Biography, Drama",129,"USA","English","George Tillman Jr.","Scott Marshall Smith","Fox 2000 Pictures","Robert De Niro, Cuba Gooding Jr., Charlize Theron, Aunjanue Ellis, Hal Holbrook, Michael Rapaport, Powers Boothe, David Keith, Holt McCallany, David Conrad, Joshua Leonard, Carl Lumbly, Lonette McKee, Glynn Turman, Dennis Troutman","The story of Carl Brashear, the first African-American U.S. Navy Diver, and the man who trained him.",7.2,105471,"$ 32000000","$ 48818921","$ 82343495",56,247,104
"34441","tt0172495","Il gladiatore","Gladiator",2000,"2000-05-19","Action, Adventure, Drama",155,"USA, UK, Malta, Morocco","English","Ridley Scott","David Franzoni, David Franzoni","DreamWorks","Russell Crowe, Joaquin Phoenix, Connie Nielsen, Oliver Reed, Richard Harris, Derek Jacobi, Djimon Hounsou, David Schofield, John Shrapnel, Tomas Arana, Ralf Moeller, Spencer Treat Clark, David Hemmings, Tommy Flanagan, Sven-Ole Thorsen","A former Roman General sets out to exact vengeance against the corrupt emperor who murdered his family and sent him into slavery.",8.5,1308193,"$ 103000000","$ 187705427","$ 465361176",67,2653,213
"31280","tt0120737","Il Signore degli Anelli - La compagnia dell'Anello","The Lord of the Rings: The Fellowship of the Ring",2001,"2002-01-18","Action, Adventure, Drama",178,"New Zealand, USA","English, Sindarin","Peter Jackson","J.R.R. Tolkien, Fran Walsh","New Line Cinema","Alan Howard, Noel Appleby, Sean Astin, Sala Baker, Sean Bean, Cate Blanchett, Orlando Bloom, Billy Boyd, Marton Csokas, Megan Edwards, Michael Elsworth, Mark Ferguson, Ian Holm, Christopher Lee, Lawrence Makoare","A meek Hobbit from the Shire and eight companions set out on a journey to destroy the powerful One Ring and save Middle-earth from the Dark Lord Sauron.",8.8,1619920,"$ 93000000","$ 315544750","$ 887934303",92,5392,340
"26912","tt0105417","Sister Act: Una svitata in abito da suora","Sister Act",1992,"1993-01-28","Comedy, Crime, Family",100,"USA","English","Emile Ardolino","Paul Rudnick","Touchstone Pictures","Whoopi Goldberg, Maggie Smith, Kathy Najimy, Wendy Makkena, Mary Wickes, Harvey Keitel, Bill Nunn, Robert Miranda, Richard Portnow, Ellen Albertini Dow, Carmen Zapata, Pat Crawford Brown, Prudence Wright Holmes, Georgia Creighton, Susan Johnson","When a worldly singer witnesses a mob crime, the police hide her as a nun in a traditional convent where she has trouble fitting in.",6.4,85553,"$ 31000000","$ 139605150","$ 231605150",51,136,32
"33153","tt0150377","Colpevole d'innocenza","Double Jeopardy",1999,"2000-02-04","Crime, Drama, Mystery",105,"USA, Germany, Canada","English","Bruce Beresford","David Weisberg, Douglas Cook","Paramount Pictures","Tommy Lee Jones, Ashley Judd, Benjamin Weir, Jay Brazeau, Bruce Greenwood, John Maclaren, Ed Evanko, Annabeth Gish, Bruce Campbell, Brennan Elliott, Angela Schneider, Michael Gaston, Gillian Barber, Tom McBeath, David Jacox","A woman framed for her husband's murder suspects he is still alive; as she has already been tried for the crime, she can't be re-prosecuted if she finds and kills him.",6.5,72485,"$ 70000000","$ 116741558","$ 177841558",40,370,132
"41661","tt0313737","Two Weeks Notice - Due settimane per innamorarsi","Two Weeks Notice",2002,"2003-02-14","Comedy, Romance",101,"USA, Australia","English","Marc Lawrence","Marc Lawrence","Castle Rock Entertainment","Sandra Bullock, Hugh Grant, Alicia Witt, Dana Ivey, Robert Klein, Heather Burns, David Haig, Dorian Missick, Joseph Badalucco Jr., Jonathan Dokuchitz, Veanne Cox, Janine LaManna, Iraida Polanco, Charlotte Maier, Katheryn Winnick","A lawyer decides that she's used too much like a nanny by her boss, so she walks out on him.",6.1,104922,"$ 60000000","$ 93354851","$ 199043242",42,290,114
"42429","tt0332452","Troy","Troy",2004,"2004-05-21","Drama, History",163,"USA, Malta, UK","English","Wolfgang Petersen","Homer, David Benioff","Warner Bros.","Julian Glover, Brian Cox, Nathan Jones, Adoni Maropis, Jacob Smith, Brad Pitt, John Shrapnel, Brendan Gleeson, Diane Kruger, Eric Bana, Orlando Bloom, Siri Svegler, Lucie Barat, Ken Bones, Manuel Cauchi","An adaptation of Homer's great epic, the film follows the assault on Troy by the united Greek forces and chronicles the fates of the men involved.",7.2,479687,"$ 175000000","$ 133378256","$ 497409852",56,1804,211
"39100","tt0265666","I Tenenbaum","The Royal Tenenbaums",2001,"2002-03-29","Comedy, Drama",110,"USA","English, Italian","Wes Anderson","Wes Anderson, Owen Wilson","Touchstone Pictures","Gene Hackman, Anjelica Huston, Ben Stiller, Gwyneth Paltrow, Luke Wilson, Owen Wilson, Bill Murray, Danny Glover, Seymour Cassel, Kumar Pallana, Alec Baldwin, Grant Rosenmeyer, Jonah Meyerson, Aram Aslanian-Persico, Irina Gorovaia","The eccentric members of a dysfunctional family reluctantly gather under the same roof for various reasons.",7.6,260939,"$ 21000000","$ 52364010","$ 71441250",76,985,230
"43793","tt0368891","Il mistero dei Templari","National Treasure",2004,"2004-12-07","Action, Adventure, Mystery",131,"USA","English, Spanish","Jon Turteltaub","Jim Kouf, Cormac Wibberley","Walt Disney Pictures","Nicolas Cage, Diane Kruger, Justin Bartha, Sean Bean, Jon Voight, Harvey Keitel, Christopher Plummer, David Dayan Fisher, Stewart Finlay-McLennan, Oleg Taktarov, Stephen A. Pope, Annie Parisse, Mark Pellegrino, Armando Riesco, Erik King","A historian races to find the legendary Templar Treasure before a team of mercenaries.",6.9,299339,"$ 100000000","$ 173008894","$ 347512318",39,741,184
"42818","tt0343660","50 volte il primo bacio","50 First Dates",2004,"2004-06-18","Comedy, Drama, Romance",99,"USA","English, Hawaiian, Mandarin, None","Peter Segal","George Wing","Columbia Pictures","Adam Sandler, Drew Barrymore, Rob Schneider, Sean Astin, Lusia Strus, Dan Aykroyd, Amy Hill, Allen Covert, Blake Clark, Maya Rudolph, Pomaika'i Brown, Joe Nakashima, Peter Dante, Dom Magwili, Jonathan Loughran","Henry Roth is a man afraid of commitment until he meets the beautiful Lucy. They hit it off and Henry think he's finally found the girl of his dreams until discovering she has short-term memory loss and forgets him the next day.",6.8,320588,"$ 75000000","$ 120908074","$ 198520934",48,506,151
"24655","tt0097576","Indiana Jones e l'ultima crociata","Indiana Jones and the Last Crusade",1989,"1989-10-06","Action, Adventure",127,"USA","English, German, Greek, Arabic","Steven Spielberg","Jeffrey Boam, George Lucas","Paramount Pictures","Harrison Ford, Sean Connery, Denholm Elliott, Alison Doody, John Rhys-Davies, Julian Glover, River Phoenix, Michael Byrne, Kevork Malikyan, Robert Eddison, Richard Young, Alexei Sayle, Alex Hyde-White, Paul Maxwell, Isla Blair","In 1938, after his father Professor Henry Jones, Sr. goes missing while pursuing the Holy Grail, Professor Henry ""Indiana"" Jones, Jr. finds himself up against",8.2,676976,"$ 48000000","$ 197171806","$ 474310887",65,581,170
"38759","tt0259446","Il mio grosso grasso matrimonio greco","My Big Fat Greek Wedding",2002,"2002-12-06","Comedy, Drama, Romance",95,"Canada, USA","English, Greek","Joel Zwick","Nia Vardalos","Gold Circle Films","Nia Vardalos, Michael Constantine, Christina Eleusiniotis, Kaylee Vieira, John Kalangis, Lainie Kazan, Marita Zouravlioff, Sarah Osman, Petra Wildgoose, Melissa Todd, Bess Meisler, Andrea Martin, Louis Mandylor, Gerry Mendicino, Stavroula Logothettis","A young Greek woman falls in love with a non-Greek and struggles to get her family to accept him while she comes to terms with her heritage and cultural identity.",6.5,118082,"$ 5000000","$ 241438208","$ 368744044",62,777,170
"42192","tt0327056","Mystic River","Mystic River",2003,"2003-10-24","Crime, Drama, Mystery",138,"USA, Australia","English","Clint Eastwood","Brian Helgeland, Dennis Lehane","Warner Bros.","Sean Penn, Tim Robbins, Kevin Bacon, Laurence Fishburne, Marcia Gay Harden, Laura Linney, Kevin Chapman, Tom Guiry, Emmy Rossum, Spencer Treat Clark, Andrew Mackin, Adam Nelson, Robert Wahlberg, Jenny O'Hara, John Doman","The lives of three men who were childhood friends are shattered when one of them has a family tragedy.",7.9,411389,"$ 25000000","$ 90135191","$ 156595191",84,1041,236
"31087","tt0120338","Titanic","Titanic",1997,"1998-01-16","Drama, Romance",194,"USA, Mexico, Australia, Canada","English, Swedish, Italian, French","James Cameron","James Cameron","Twentieth Century Fox","Leonardo DiCaprio, Kate Winslet, Billy Zane, Kathy Bates, Frances Fisher, Gloria Stuart, Bill Paxton, Bernard Hill, David Warner, Victor Garber, Jonathan Hyde, Suzy Amis, Lewis Abernathy, Nicholas Cascone, Anatoly M. Sagalevitch","A seventeen-year-old aristocrat falls in love with a kind but poor artist aboard the luxurious, ill-fated R.M.S. Titanic.",7.8,1023181,"$ 200000000","$ 659363944","$ 2195169869",75,2884,331
"23136","tt0092890","Dirty Dancing - Balli proibiti","Dirty Dancing",1987,"1988-01-14","Drama, Music, Romance",100,"USA","English","Emile Ardolino","Eleanor Bergstein","Great American Films Limited Partnership","Jennifer Grey, Patrick Swayze, Jerry Orbach, Cynthia Rhodes, Jack Weston, Jane Brucker, Kelly Bishop, Lonny Price, Max Cantor, Charles 'Honi' Coles, Neal Jones, 'Cousin Brucie' Morrow, Wayne Knight, Paula Trueman, Alvin Myerovich","Spending the summer at a Catskills resort with her family, Frances ""Baby"" Houseman falls in love with the camp's dance instructor, Johnny Castle.",7,197346,"$ 6000000","$ 64577242","$ 217856315",65,466,111
"39028","tt0264464","Prova a prendermi","Catch Me If You Can",2002,"2003-01-31","Biography, Crime, Drama",141,"USA, Canada","English, French","Steven Spielberg","Jeff Nathanson, Frank Abagnale Jr.","DreamWorks","Leonardo DiCaprio, Tom Hanks, Christopher Walken, Martin Sheen, Nathalie Baye, Amy Adams, James Brolin, Brian Howe, Frank John Hughes, Steve Eastin, Chris Ellis, John Finn, Jennifer Garner, Nancy Lenehan, Ellen Pompeo","A seasoned FBI agent pursues",8.1,800449,"$ 52000000","$ 164615351","$ 352114312",75,848,204
"39146","tt0266543","Alla ricerca di Nemo","Finding Nemo",2003,"2003-12-03","Animation, Adventure, Comedy",100,"USA, Australia","English","Andrew Stanton, Lee Unkrich","Andrew Stanton, Andrew Stanton","Pixar Animation Studios","Albert Brooks, Ellen DeGeneres, Alexander Gould, Willem Dafoe, Brad Garrett, Allison Janney, Austin Pendleton, Stephen Root, Vicki Lewis, Joe Ranft, Geoffrey Rush, Andrew Stanton, Elizabeth Perkins, Nicholas Bird, Bob Peterson","After his son is captured in the Great Barrier Reef and taken to Sydney, a timid clownfish sets out on a journey to bring him home.",8.1,927957,"$ 94000000","$ 380843261","$ 940350086",90,978,149
"32230","tt0133093","Matrix","The Matrix",1999,"1999-05-07","Action, Sci-Fi",136,"USA","English","Lana Wachowski, Lilly Wachowski","Lilly Wachowski, Lana Wachowski","Warner Bros.","Keanu Reeves, Laurence Fishburne, Carrie-Anne Moss, Hugo Weaving, Gloria Foster, Joe Pantoliano, Marcus Chong, Julian Arahanga, Matt Doran, Belinda McClory, Anthony Ray Parker, Paul Goddard, Robert Taylor, David Aston, Marc Aden Gray","A computer hacker learns from mysterious rebels about the true nature of his reality and his role in the war against its controllers.",8.7,1632315,"$ 63000000","$ 171479930","$ 465718588",73,4310,342
"39152","tt0266697","Kill Bill - Volume 1","Kill Bill: Vol. 1",2003,"2003-10-24","Action, Crime, Thriller",111,"USA, Japan","English, Japanese, French","Quentin Tarantino","Quentin Tarantino, Quentin Tarantino","Miramax","Uma Thurman, Lucy Liu, Vivica A. Fox, Daryl Hannah, David Carradine, Michael Madsen, Julie Dreyfus, Chiaki Kuriyama, Shin'ichi Chiba, Chia-Hui Liu, Michael Parks, Michael Bowen, Jun Kunimura, Kenji Ohba, Yuki Kazamatsuri","After awakening from a four-year coma, a former assassin wreaks vengeance on the team of assassins who betrayed her.",8.1,977296,"$ 30000000","$ 70099045","$ 180899045",69,2285,370
"36497","tt0209475","Prima o poi mi sposo","The Wedding Planner",2001,"2001-03-08","Comedy, Romance",103,"Germany, USA","English, Italian","Adam Shankman","Pamela Falk, Michael Ellis","Columbia Pictures","Jennifer Lopez, Matthew McConaughey, Bridgette Wilson-Sampras, Justin Chambers, Judy Greer, Alex Rocco, Joanna Gleason, Charles Kimbrough, Kevin Pollak, Fred Willard, Lou Myers, Frances Bay, Kathy Najimy, Cortney Shounia, Philip Pavel","Mary Fiore is San Francisco's most successful supplier of romance and glamor. She knows all the tricks. She knows all the rules. But then she breaks the most important rule of all: she falls in love with the groom.",5.3,74640,"$ 35000000","$ 60400856","$ 94728529",33,229,109
"28454","tt0111161","Le ali della libertà","The Shawshank Redemption",1994,"1995-02-10","Drama",142,"USA","English","Frank Darabont","Stephen King, Frank Darabont","Castle Rock Entertainment","Tim Robbins, Morgan Freeman, Bob Gunton, William Sadler, Clancy Brown, Gil Bellows, Mark Rolston, James Whitmore, Jeffrey DeMunn, Larry Brandenburg, Neil Giuntoli, Brian Libby, David Proval, Joseph Ragno, Jude Ciccolella","Two imprisoned men bond over a number of years, finding solace and eventual redemption through acts of common decency.",9.3,2278845,"$ 25000000","$ 28699976","$ 28815245",80,8232,164
"42129","tt0325710","L'ultimo samurai","The Last Samurai",2003,"2004-01-09","Action, Drama, War",154,"USA, New Zealand, Japan","English, Japanese","Edward Zwick","John Logan, John Logan","Warner Bros.","Ken Watanabe, Tom Cruise, William Atherton, Chad Lindberg, Ray Godshall Sr., Billy Connolly, Tony Goldwyn, Masato Harada, Masashi Odate, John Koyama, Timothy Spall, Shichinosuke Nakamura, Togo Igawa, Satoshi Nikaido, Shintaro Wada","An American military advisor embraces the Samurai culture he was hired to destroy after he is captured in battle.",7.7,392213,"$ 140000000","$ 111127263","$ 454627263",55,1042,170
"38324","tt0251160","John Q","John Q",2002,"2002-05-10","Crime, Drama, Thriller",116,"USA","English, Spanish","Nick Cassavetes","James Kearns","New Line Cinema","Gabriela Oltean, Denzel Washington, Kimberly Elise, Ron Annabelle, Daniel E. Smith, David Thornton, Barry G. King, Laura Harring, Kevin Connolly, Larissa Laskin, Vanessa Branch, Stephanie Moore, James Finnerty, Anne Heche, James Woods","John Quincy Archibald takes a hospital emergency room hostage when his insurance won't cover his son's heart transplant.",7.1,121329,"$ 36000000","$ 71756802","$ 102244770",30,412,100
"37913","tt0244244","Codice: Swordfish","Swordfish",2001,"2001-09-28","Action, Crime, Thriller",99,"USA","English, German","Dominic Sena","Skip Woods","Hollywood Licensing Group","John Travolta, Hugh Jackman, Halle Berry, Don Cheadle, Sam Shepard, Vinnie Jones, Drea de Matteo, Rudolf Martin, Zach Grenier, Camryn Grimes, Angelo Pagán, Chic Daniel, Kirk B.R. Woller, Carmen Argenziano, Tim DeKay","A covert counter-terrorist unit called Black Cell led by Gabriel Shear wants the money to help finance their war against international terrorism, but it's all locked away. Gabriel brings in convicted hacker Stanley Jobson to help him.",6.5,174509,"$ 102000000","$ 69772969","$ 147080413",32,556,164
"43909","tt0372183","The Bourne Supremacy","The Bourne Supremacy",2004,"2004-09-24","Action, Mystery, Thriller",108,"USA, Germany","English, Russian, German, Italian","Paul Greengrass","Robert Ludlum, Tony Gilroy","Universal Pictures","Matt Damon, Franka Potente, Brian Cox, Julia Stiles, Karl Urban, Gabriel Mann, Joan Allen, Marton Csokas, Tom Gallop, John Bedford Lloyd, Ethan Sandler, Michelle Monaghan, Karel Roden, Tomas Arana, Oksana Akinshina","When Jason Bourne is framed for a CIA operation gone awry, he is forced to resume his former life as a trained assassin to survive.",7.7,427227,"$ 75000000","$ 176241941","$ 290835269",73,849,248
"43428","tt0362227","The Terminal","The Terminal",2004,"2004-09-03","Comedy, Drama, Romance",128,"USA","English, Bulgarian, Spanish, Russian, Mandarin, German, French","Steven Spielberg","Andrew Niccol, Sacha Gervasi","DreamWorks","Tom Hanks, Catherine Zeta-Jones, Stanley Tucci, Chi McBride, Diego Luna, Barry Shabaka Henley, Kumar Pallana, Zoe Saldana, Eddie Jones, Jude Ciccolella, Corey Reynolds, Guillermo Díaz, Rini Bell, Stephen Mendel, Valeriy Nikolaev","An Eastern European tourist unexpectedly finds himself stranded in JFK airport, and must take up temporary residence there.",7.4,396732,"$ 60000000","$ 77872883","$ 219100084",55,706,152
"31386","tt0120912","Men in Black II","Men in Black II",2002,"2002-09-13","Action, Adventure, Comedy",88,"USA","English","Barry Sonnenfeld","Lowell Cunningham, Robert Gordon","Columbia Pictures","Tommy Lee Jones, Will Smith, Rip Torn, Lara Flynn Boyle, Johnny Knoxville, Rosario Dawson, Tony Shalhoub, Patrick Warburton, Jack Kehler, David Cross, Colombe Jacobsen-Derstine, Peter Spellos, Michael Rivkin, Michael Bailey Smith, Lenny Venito","Agent J is sent to find Agent K and restore his memory after the re-appearance of a case from K's past.",6.2,337088,"$ 140000000","$ 193735288","$ 445135288",49,650,201
"41788","tt0316654","Spider-Man 2","Spider-Man 2",2004,"2004-09-16","Action, Adventure, Sci-Fi",127,"USA","English, Russian, Chinese","Sam Raimi","Stan Lee, Steve Ditko","Columbia Pictures","Tobey Maguire, Kirsten Dunst, James Franco, Alfred Molina, Rosemary Harris, J.K. Simmons, Donna Murphy, Daniel Gillies, Dylan Baker, Bill Nunn, Vanessa Ferlito, Aasif Mandvi, Willem Dafoe, Cliff Robertson, Ted Raimi","Peter Parker is beset with troubles in his failing personal life as he battles a brilliant scientist named Doctor Otto Octavius.",7.3,532565,"$ 200000000","$ 373585825","$ 788976453",83,1458,321
"28743","tt0112573","Braveheart - Cuore impavido","Braveheart",1995,"1995-12-01","Biography, Drama, History",178,"USA","English, French, Latin, Scottish Gaelic, Italian","Mel Gibson","Randall Wallace","Icon Entertainment International","James Robinson, Sean Lawlor, Sandy Nelson, James Cosmo, Sean McGinley, Alan Tall, Andrew Weir, Gerda Stevenson, Ralph Riach, Mhairi Calvey, Brian Cox, Patrick McGoohan, Peter Hanly, Sophie Marceau, Stephen Billington","Scottish warrior William Wallace leads his countrymen in a rebellion to free his homeland from the tyranny of King Edward I of England.",8.3,941683,"$ 72000000","$ 75609945","$ 213216216",68,1276,148
"30815","tt0119654","Men in Black","Men in Black",1997,"1997-10-03","Action, Adventure, Comedy",98,"USA","English, Spanish","Barry Sonnenfeld","Lowell Cunningham, Ed Solomon","Columbia Pictures","Tommy Lee Jones, Will Smith, Linda Fiorentino, Vincent D'Onofrio, Rip Torn, Tony Shalhoub, Siobhan Fallon Hogan, Mike Nussbaum, Jon Gries, Sergio Calderón, Carel Struycken, Fredric Lehne, Richard Hamilton, Kent Faulcon, John Alexander","A police officer joins a secret organization that polices and monitors extraterrestrial interactions on Earth.",7.3,506999,"$ 90000000","$ 250690539","$ 589390539",71,351,162
"25292","tt0099653","Ghost - Fantasma","Ghost",1990,"1990-11-16","Drama, Fantasy, Romance",127,"USA","English","Jerry Zucker","Bruce Joel Rubin","Paramount Pictures","Patrick Swayze, Demi Moore, Tony Goldwyn, Stanley Lawrence, Christopher J. Keene, Susan Breslau, Martina Deignan, Rick Kleber, Macka Foley, Rick Aviles, Phil Leeds, John Hugh, Sam Tsoutsouvas, Sharon Breslau, Vincent Schiavelli","After a young man is murdered, his spirit stays behind to warn his lover of impending danger, with the help of a reluctant psychic.",7,192449,"$ 22000000","$ 217631306","$ 505870681",52,305,97
"30343","tt0118571","Air Force One","Air Force One",1997,"1997-09-19","Action, Drama, Thriller",124,"USA, Germany","English, Russian","Wolfgang Petersen","Andrew W. Marlowe","Columbia Pictures","Harrison Ford, Gary Oldman, Glenn Close, Wendy Crewson, Liesel Matthews, Paul Guilfoyle, Xander Berkeley, William H. Macy, Dean Stockwell, Tom Everett, Jürgen Prochnow, Donna Bullock, Michael Ray Miller, Carl Weintraub, Elester Latham","Communist Radicals hijack Air Force One with The U.S. President and his family on board. The Vice President negotiates from Washington D.C., while the President, a Veteran, fights to rescue the hostages on board.",6.5,176882,"$ 85000000","$ 172956409","$ 315156409",61,439,137
"34128","tt0167260","Il Signore degli Anelli - Il ritorno del re","The Lord of the Rings: The Return of the King",2003,"2004-01-22","Action, Adventure, Drama",201,"New Zealand, USA","English, Quenya, Old English, Sindarin","Peter Jackson","J.R.R. Tolkien, Fran Walsh","New Line Cinema","Noel Appleby, Ali Astin, Sean Astin, David Aston, John Bach, Sean Bean, Cate Blanchett, Orlando Bloom, Billy Boyd, Sadwyn Brophy, Alistair Browning, Marton Csokas, Richard Edge, Jason Fitch, Bernard Hill","Gandalf and Aragorn lead the World of Men against Sauron's army to draw his gaze from Frodo and Sam as they approach Mount Doom with the One Ring.",8.9,1604280,"$ 94000000","$ 377845905","$ 1142271098",94,3718,353
"42238","tt0328107","Man on Fire - Il fuoco della vendetta","Man on Fire",2004,"2004-09-10","Action, Crime, Drama",146,"USA, UK, Mexico, Switzerland","English, Spanish","Tony Scott","A.J. Quinnell, Brian Helgeland","Fox 2000 Pictures","Denzel Washington, Dakota Fanning, Radha Mitchell, Christopher Walken, Marc Anthony, Giancarlo Giannini, Mickey Rourke, Rachel Ticotin, Roberto Sosa, Jesús Ochoa, Gero Camilo, Mario Zaragoza, Charles Paraventi, Carmen Salinas, Esteban De La Trinidad","In Mexico City, a former CIA operative swears vengeance on those who committed an unspeakable act against the family he was hired to protect.",7.7,323807,"$ 70000000","$ 77911774","$ 130834852",47,766,164
"41841","tt0317705","Gli Incredibili - Una 'normale' famiglia di supereroi","The Incredibles",2004,"2004-11-26","Animation, Action, Adventure",115,"USA","English, French","Brad Bird","Brad Bird","Pixar Animation Studios","Craig T. Nelson, Holly Hunter, Samuel L. Jackson, Jason Lee, Dominique Louis, Teddy Newton, Jean Sincere, Eli Fucile, Maeve Andrews, Wallace Shawn, Spencer Fox, Lou Romano, Wayne Canney, Sarah Vowell, Michael Bird","A family of undercover superheroes, while trying to live the quiet suburban life, are forced into action to save the world.",8,642759,"$ 92000000","$ 261441092","$ 631606713",90,947,237
"39908","tt0280590","Mr. Deeds","Mr. Deeds",2002,"2003-02-07","Comedy, Romance",96,"USA","English","Steven Brill","Clarence Budington Kelland, Robert Riskin","Columbia Pictures","Adam Sandler, Winona Ryder, John Turturro, Allen Covert, Peter Gallagher, Jared Harris, Erick Avari, Peter Dante, Conchata Ferrell, Harve Presnell, Steve Buscemi, Blake Clark, John McEnroe, J.B. Smoove, Tom McNulty","A sweet-natured, small-town guy inherits a controlling stake in a media conglomerate and begins to do business his way.",5.8,133994,"$ 50000000","$ 126293452","$ 171269535",24,315,120
"43816","tt0369339","Collateral","Collateral",2004,"2004-10-15","Crime, Drama, Thriller",120,"USA","English, Spanish, French, Korean","Michael Mann","Stuart Beattie","Paramount Pictures","Tom Cruise, Jamie Foxx, Jada Pinkett Smith, Mark Ruffalo, Peter Berg, Bruce McGill, Irma P. Hall, Barry Shabaka Henley, Richard T. Jones, Klea Scott, Bodhi Elfman, Debi Mazar, Javier Bardem, Emilio Rivera, Jamie McBride","A cab driver finds himself the hostage of an engaging contract killer as he makes his rounds from hit to hit during one night in Los Angeles.",7.5,352788,"$ 65000000","$ 101005703","$ 220926695",71,898,224
"32988","tt0145487","Spider-Man","Spider-Man",2002,"2002-06-07","Action, Adventure, Sci-Fi",121,"USA","English","Sam Raimi","Stan Lee, Steve Ditko","Columbia Pictures","Tobey Maguire, Willem Dafoe, Kirsten Dunst, James Franco, Cliff Robertson, Rosemary Harris, J.K. Simmons, Joe Manganiello, Gerry Becker, Bill Nunn, Jack Betts, Stanley Anderson, Ron Perkins, Michael Papajohn, K.K. Dodds","When bitten by a genetically modified spider, a nerdy, shy, and awkward high school student gains spider-like abilities that he eventually must use to fight evil as a superhero after tragedy befalls his family.",7.3,675212,"$ 139000000","$ 407022860","$ 825025036",73,2130,322
"31332","tt0120815","Salvate il soldato Ryan","Saving Private Ryan",1998,"1998-10-30","Drama, War",169,"USA","English, French, German, Czech","Steven Spielberg","Robert Rodat","DreamWorks","Tom Hanks, Tom Sizemore, Edward Burns, Barry Pepper, Adam Goldberg, Vin Diesel, Giovanni Ribisi, Jeremy Davies, Matt Damon, Ted Danson, Paul Giamatti, Dennis Farina, Joerg Stadler, Max Martini, Dylan Bruno","Following the Normandy Landings, a group of U.S. soldiers go behind enemy lines to retrieve a paratrooper whose brothers have been killed in action.",8.6,1203825,"$ 70000000","$ 217049603","$ 482349603",91,2610,268
"35725","tt0195685","Erin Brockovich - Forte come la verità","Erin Brockovich",2000,"2000-04-14","Biography, Drama",131,"USA","English","Steven Soderbergh","Susannah Grant","Universal Pictures","Julia Roberts, David Brisbin, Dawn Didawick, Albert Finney, Valente Rodriguez, Conchata Ferrell, George Rocky Sullivan, Pat Skipper, Jack Gill, Irene Olga López, Emily Marks, Julie Marks, Scotty Leavenworth, Gemmenne de la Peña, Erin Brockovich-Ellis","An unemployed single mother becomes a legal assistant and almost single-handedly brings down a California power company accused of polluting a city's water supply.",7.3,170733,"$ 52000000","$ 125595205","$ 256271286",73,525,155
"35866","tt0198781","Monsters & Co.","Monsters, Inc.",2001,"2002-03-15","Animation, Adventure, Comedy",92,"USA","English","Pete Docter, David Silverman","Pete Docter, Jill Culton","Pixar Animation Studios","John Goodman, Billy Crystal, Mary Gibbs, Steve Buscemi, James Coburn, Jennifer Tilly, Bob Peterson, John Ratzenberger, Frank Oz, Daniel Gerson, Steve Susskind, Bonnie Hunt, Jeff Pidgeon, Samuel Lord Black, Jack Angel","In order to power the city, monsters have to scare children so that they scream. However, the children are toxic to the monsters, and after a child gets through, 2 monsters realize things may not be what they think.",8,794964,"$ 115000000","$ 289916256","$ 578981070",79,687,264
"31796","tt0126029","Shrek","Shrek",2001,"2001-06-15","Animation, Adventure, Comedy",90,"USA","English","Andrew Adamson, Vicky Jenson","William Steig, Ted Elliott","DreamWorks Animation","Mike Myers, Eddie Murphy, Cameron Diaz, John Lithgow, Vincent Cassel, Peter Dennis, Clive Pearse, Jim Cummings, Bobby Block, Chris Miller, Cody Cameron, Kathleen Freeman, Michael Galasso, Christopher Knights, Simon J. Smith","A mean lord exiles fairytale creatures to the swamp of a grumpy ogre, who must go on a quest and rescue a princess for the lord in order to get his land back.",7.8,600116,"$ 60000000","$ 267665011","$ 487769799",84,1071,168
"26258","tt0102926","Il silenzio degli innocenti","The Silence of the Lambs",1991,"1991-03-05","Crime, Drama, Thriller",118,"USA","English, Latin","Jonathan Demme","Thomas Harris, Ted Tally","Strong Heart/Demme Production","Jodie Foster, Lawrence A. Bonney, Kasi Lemmons, Lawrence T. Wrentz, Scott Glenn, Anthony Heald, Frankie Faison, Don Brockett, Frank Seals Jr., Stuart Rudin, Anthony Hopkins, Maria Skorobogatov, Jeffrie Lane, Leib Lensky, George 'Red' Schwartz","A young F.B.I. cadet must receive the help of an incarcerated and manipulative cannibal killer to help catch another serial killer, a madman who skins his victims.",8.6,1234134,"$ 19000000","$ 130742922","$ 272753884",85,1326,224
"36476","tt0209144","Memento","Memento",2000,"2001-01-19","Mystery, Thriller",113,"USA","English","Christopher Nolan","Christopher Nolan, Jonathan Nolan","Newmarket Capital Group","Guy Pearce, Carrie-Anne Moss, Joe Pantoliano, Mark Boone Junior, Russ Fega, Jorja Fox, Stephen Tobolowsky, Harriet Sansom Harris, Thomas Lennon, Callum Keith Rennie, Kimberly Campbell, Marianne Muellerleile, Larry Holden","A man with short-term memory loss attempts to track down his wife's murderer.",8.4,1098879,"$ 9000000","$ 25544867","$ 39970386",80,2278,213
"33018","tt0146316","Lara Croft: Tomb Raider","Lara Croft: Tomb Raider",2001,"2001-12-14","Action, Adventure, Fantasy",100,"USA, UK, Japan, Germany","English","Simon West","Sara B. Cooper, Mike Werb","Paramount Pictures","Angelina Jolie, Jon Voight, Iain Glen, Noah Taylor, Daniel Craig, Richard Johnson, Chris Barrie, Julian Rhind-Tutt, Leslie Phillips, Robert Phillips, Rachel Appleton, Henry Wyndham, David Cheung, David Tse, Ozzie Yue","Video game adventurer Lara Croft comes to life in a movie where she races against time and villains to recover powerful ancient artifacts.",5.8,195155,"$ 115000000","$ 131168070","$ 274703340",33,852,211
"22536","tt0091042","Una pazza giornata di vacanza","Ferris Bueller's Day Off",1986,"1986-12-04","Comedy",103,"USA","English, German","John Hughes","John Hughes","Paramount Pictures","Matthew Broderick, Alan Ruck, Mia Sara, Jeffrey Jones, Jennifer Grey, Cindy Pickett, Lyman Ward, Edie McClurg, Charlie Sheen, Ben Stein, Del Close, Virginia Capers, Richard Edson, Larry Flash Jenkins, Kristy Swanson","A high school wise guy is determined to have a day off from school, despite what the Principal thinks of that.",7.8,313852,"$ 6000000","$ 70136369","$ 70712677",61,593,137
"38373","tt0252076","Un amore a 5 stelle","Maid in Manhattan",2002,"2003-04-04","Comedy, Drama, Romance",105,"USA","English, French, Spanish","Wayne Wang","John Hughes, Kevin Wade","Revolution Studios","Jennifer Lopez, Ralph Fiennes, Natasha Richardson, Stanley Tucci, Tyler Posey, Frances Conroy, Chris Eigeman, Amy Sedaris, Marissa Matrone, Priscilla Lopez, Bob Hoskins, Lisa Roberts Gillan, Maddie Corman, Sharon Wilkins, Jayne Houdyshell","A Senatorial candidate falls for a hotel maid, thinking she is a socialite, when he sees her trying on a wealthy woman's dress.",5.3,82799,"$ 55000000","$ 94011225","$ 154906693",45,252,114
"32486","tt0137494","Entrapment","Entrapment",1999,"1999-09-03","Action, Crime, Romance",113,"USA, UK, Germany","English","Jon Amiel","Ronald Bass, Michael Hertzberg","Twentieth Century Fox","Sean Connery, Catherine Zeta-Jones, Ving Rhames, Will Patton, Maury Chaykin, Kevin McNally, Terry O'Neill, Madhav Sharma, David Yip, Tim Potter, Eric Meyers, Aaron Swartz, William Marsh, Tony Xu, Rolf Saxon","An insurance agent is sent by her employer to track down and help capture an art thief.",6.3,105339,"$ 66000000","$ 87704396","$ 212404396",54,291,147
"36627","tt0212338","Ti presento i miei","Meet the Parents",2000,"2001-02-02","Comedy, Romance",108,"USA","English, Thai, Spanish, Hebrew, French","Jay Roach","Greg Glienna, Mary Ruth Clarke","Universal Pictures","Robert De Niro, Ben Stiller, Teri Polo, Blythe Danner, Nicole DeHuff, Jon Abrahams, Owen Wilson, James Rebhorn, Tom McCarthy, Phyllis George, Kali Rocha, Bernie Sheredy, Judah Friedlander, Peter Bartlett, John Elsen","Male nurse Greg Focker meets his girlfriend's parents before proposing, but her suspicious father is every date's worst nightmare.",7,306467,"$ 55000000","$ 166244045","$ 330444045",73,519,145
"43554","tt0364725","Palle al balzo - Dodgeball","Dodgeball: A True Underdog Story",2004,"2004-11-05","Comedy, Sport",92,"USA","English, German","Rawson Marshall Thurber","Rawson Marshall Thurber","Twentieth Century Fox","Vince Vaughn, Christine Taylor, Ben Stiller, Rip Torn, Justin Long, Stephen Root, Joel David Moore, Chris Williams, Alan Tudyk, Missi Pyle, Jamal Duff, Gary Cole, Jason Bateman, Hank Azaria, Al Kaplon","A group of misfits enter a Las Vegas dodgeball tournament in order to save their cherished local gym from the onslaught of a corporate health fitness chain.",6.7,225525,"$ 20000000","$ 114326736","$ 168423227",55,409,146
"24187","tt0095953","Rain Man - L'uomo della pioggia","Rain Man",1988,"1989-03-03","Drama",133,"USA","English, Italian","Barry Levinson","Barry Morrow, Ronald Bass","United Artists","Dustin Hoffman, Tom Cruise, Valeria Golino, Gerald R. Molen, Jack Murdock, Michael D. Roberts, Ralph Seymour, Lucinda Jenney, Bonnie Hunt, Kim Robillard, Beth Grant, Dolan Dougherty, Marshall Dougherty, Patrick Dougherty, John-Michael Dougherty","Selfish yuppie Charlie Babbitt's father left a fortune to his savant brother Raymond and a pittance to Charlie; they travel cross-country.",8,465105,"$ 25000000","$ 172825435","$ 354825435",65,442,98
"32014","tt0129290","Patch Adams","Patch Adams",1998,"1999-03-19","Biography, Comedy, Drama",115,"USA","English","Tom Shadyac","Patch Adams, Maureen Mylander","Universal Pictures","Robin Williams, Daniel London, Monica Potter, Philip Seymour Hoffman, Bob Gunton, Josef Sommer, Irma P. Hall, Frances Lee McCain, Harve Presnell, Daniella Kuhn, Peter Coyote, James Greene, Michael Jeter, Harold Gould, Bruce Bohne","The true story of a heroic man, Hunter ""Patch"" Adams, determined to become a medical doctor because he enjoys helping people. He ventured where no doctor had ventured before, using humour and pathos.",6.8,102479,"$ 90000000","$ 135026902","$ 202292902",25,416,55
"41904","tt0319061","Big Fish - Le storie di una vita incredibile","Big Fish",2003,"2004-02-27","Adventure, Drama, Fantasy",125,"USA","English, Cantonese","Tim Burton","Daniel Wallace, John August","Columbia Pictures","Ewan McGregor, Albert Finney, Billy Crudup, Jessica Lange, Helena Bonham Carter, Alison Lohman, Robert Guillaume, Marion Cotillard, Matthew McGrory, David Denman, Missi Pyle, Loudon Wainwright III, Ada Tai, Arlene Tai, Steve Buscemi","A frustrated son tries to determine the fact from fiction in his dying father's life.",8,408409,"$ 70000000","$ 66809693","$ 123218424",58,880,247
"32488","tt0137523","Fight Club","Fight Club",1999,"1999-10-29","Drama",139,"USA, Germany","English","David Fincher","Chuck Palahniuk, Jim Uhls","Fox 2000 Pictures","Edward Norton, Brad Pitt, Meat Loaf, Zach Grenier, Richmond Arquette, David Andrews, George Maguire, Eugenie Bondurant, Helena Bonham Carter, Christina Cabot, Sydney 'Big Dawg' Colston, Rachel Singer, Christie Cronenweth, Tim DeZarn, Ezra Buzzington","An insomniac office worker and a devil-may-care soapmaker form an underground fight club that evolves into something much, much more.",8.8,1807440,"$ 63000000","$ 37030102","$ 101218804",66,3758,370
"38662","tt0257076","S.W.A.T. - Squadra speciale anticrimine","S.W.A.T.",2003,"2003-11-28","Action, Adventure, Crime",117,"USA","English, Spanish, French","Clark Johnson","Robert Hamner, Ron Mita","Columbia Pictures","Samuel L. Jackson, Colin Farrell, Michelle Rodriguez, LL Cool J, Josh Charles, Jeremy Renner, Brian Van Holt, Olivier Martinez, Reg E. Cathey, Larry Poindexter, Page Kennedy, Domenick Lombardozzi, James DuMont, Denis Arndt, Lindsey Ginter","An imprisoned drug kingpin offers a huge cash reward to anyone that can break him out of police custody, and only the L.A.P.D.'s Special Weapons and Tactics team can prevent it.",6,136189,"$ 80000000","$ 116934650","$ 207725639",45,347,150
"30623","tt0119217","Will Hunting - Genio ribelle","Good Will Hunting",1997,"1998-03-06","Drama, Romance",126,"USA","English","Gus Van Sant","Matt Damon, Ben Affleck","Be Gentlemen Limited Partnership","Matt Damon, Ben Affleck, Stellan Skarsgård, John Mighton, Rachel Majorowski, Colleen McCauley, Casey Affleck, Cole Hauser, Matt Mercier, Ralph St. George, Rob Lynds, Dan Washington, Alison Folland, Derrick Bridgeman, Vik Sahay","Will Hunting, a janitor at M.I.T., has a gift for mathematics, but needs help from a psychologist to find direction in his life.",8.3,837379,"$ 10000000","$ 138433435","$ 225933435",70,899,164
"26566","tt0104257","Codice d'onore","A Few Good Men",1992,"1992-12-11","Drama, Thriller",138,"USA","English, French","Rob Reiner","Aaron Sorkin, Aaron Sorkin","Columbia Pictures","Tom Cruise, Jack Nicholson, Demi Moore, Kevin Bacon, Kiefer Sutherland, Kevin Pollak, James Marshall, J.T. Walsh, Christopher Guest, J.A. Preston, Matt Craven, Wolfgang Bodison, Xander Berkeley, John M. Jackson, Noah Wyle","Military lawyer Lieutenant Daniel Kaffee defends Marines accused of murder. They contend they were acting under orders.",7.7,229444,"$ 41000000","$ 141340178","$ 243240178",62,391,88
"31234","tt0120660","Nemico pubblico","Enemy of the State",1998,"1999-01-15","Action, Thriller",132,"USA","English","Tony Scott","David Marconi","Touchstone Pictures","Will Smith, Gene Hackman, Jon Voight, Lisa Bonet, Regina King, Stuart Wilson, Laura Cayouette, Loren Dean, Barry Pepper, Ian Hart, Jake Busey, Scott Caan, Jason Lee, Gabriel Byrne, James Le Gros","A lawyer becomes targeted by a corrupt politician and his N.S.A. goons when he accidentally receives key evidence to a politically motivated crime.",7.3,223789,"$ 90000000","$ 111549836","$ 250849789",67,451,90
"32913","tt0144214","La figlia del generale","The General's Daughter",1999,"1999-12-17","Crime, Drama, Mystery",116,"USA, Germany","English","Simon West","Nelson DeMille, Christopher Bertolini","Paramount Pictures","John Travolta, Madeleine Stowe, James Cromwell, Timothy Hutton, Leslie Stefanson, Daniel von Bargen, Clarence Williams III, James Woods, Peter Weireter, Mark Boone Junior, John Beasley, Boyd Kestner, Brad Beyer, John Benjamin Hickey, Rick Dial","When the daughter of a well-known and well-respected base commander is murdered, an undercover detective is summoned to look into the matter and finds a slew of cover-ups at West Point.",6.4,52364,"$ 95000000","$ 102705852","$ 149705852",47,286,117
"34979","tt0181689","Minority Report","Minority Report",2002,"2002-09-27","Action, Crime, Mystery",145,"USA","English, Swedish","Steven Spielberg","Philip K. Dick, Scott Frank","Twentieth Century Fox","Tom Cruise, Max von Sydow, Steve Harris, Neal McDonough, Patrick Kilpatrick, Jessica Capshaw, Richard Coca, Keith Campbell, Kirk B.R. Woller, Klea Scott, Frank Grillo, Anna Maria Horsford, Sarah Simmons, Eugene Osment, James Henderson","In a future where a special police unit is able to arrest murderers before they commit their crimes, an officer from that unit is himself accused of a future murder.",7.6,498830,"$ 102000000","$ 132072926","$ 358372926",80,1392,262
"42545","tt0337741","Tutto può succedere - Something's Gotta Give","Something's Gotta Give",2003,"2004-02-06","Comedy, Drama, Romance",128,"USA","English, French","Nancy Meyers","Nancy Meyers","Columbia Pictures","Jack Nicholson, Diane Keaton, Keanu Reeves, Frances McDormand, Amanda Peet, Jon Favreau, Paul Michael Glaser, Rachel Ticotin, Paige Butcher, Tanya Sweet, Kristine Szabo, Daniella Van Graas, Tamara Spoelder, Sonja Francis, Vanessa Trump","A swinger on the cusp of being a senior citizen with a taste for young women falls in love with an accomplished woman closer to his age.",6.7,110012,"$ 80000000","$ 124728738","$ 265328738",66,422,148
"20115","tt0082971","I predatori dell'arca perduta","Raiders of the Lost Ark",1981,"1981-06-12","Action, Adventure",115,"USA","English, German, Hebrew, Spanish, Arabic, Nepali","Steven Spielberg","Lawrence Kasdan, George Lucas","Paramount Pictures","Harrison Ford, Karen Allen, Paul Freeman, Ronald Lacey, John Rhys-Davies, Denholm Elliott, Alfred Molina, Wolf Kahler, Anthony Higgins, Vic Tablian, Don Fellows, William Hootkins, Bill Reimbold, Fred Sorenson, Patrick Durkin","In 1936, archaeologist and adventurer Indiana Jones is hired by the U.S. government to find the Ark of the Covenant before",8.4,865510,"$ 18000000","$ 248159971","$ 390133212",85,948,258
"41294","tt0305224","Terapia d'urto","Anger Management",2003,"2003-06-13","Comedy",106,"USA","English","Peter Segal","David Dorfman","Revolution Studios","Adam Sandler, Jack Nicholson, Marisa Tomei, Luis Guzmán, Allen Covert, Lynne Thigpen, Kurt Fuller, Jonathan Loughran, Krista Allen, January Jones, Woody Harrelson, John Turturro, Kevin Nealon, Conrad Goode, Gina Gallego","Dave Buznik is a businessman who is wrongly sentenced to an anger management program, where he meets an aggressive instructor.",6.3,200456,"$ 75000000","$ 135645823","$ 195745823",52,491,74
"44058","tt0375063","Sideways - In viaggio con Jack","Sideways",2004,"2005-02-16","Comedy, Drama, Romance",127,"USA, Hungary","English, Armenian","Alexander Payne","Rex Pickett, Alexander Payne","Fox Searchlight Pictures","Paul Giamatti, Thomas Haden Church, Virginia Madsen, Sandra Oh, Marylouise Burke, Jessica Hecht, Missy Doty, M.C. Gainey, Alysia Reiner, Shake Tukhmanyan, Shaun Duke, Robert Covarrubias, Patrick Gallagher, Stephanie Faracy, Joe Marinelli","Two men reaching middle age with not much to show but disappointment embark on a week-long road trip through California's wine country, just as one is about to take a trip down the aisle.",7.5,177052,"$ 16000000","$ 71503593","$ 109706931",94,881,295
"44215","tt0378194","Kill Bill - Volume 2","Kill Bill: Vol. 2",2004,"2004-04-23","Action, Crime, Thriller",137,"USA","English, Cantonese, Mandarin, Spanish","Quentin Tarantino","Quentin Tarantino, Quentin Tarantino","Miramax","Vivica A. Fox, Ambrosia Kelley, Michael Parks, James Parks, Jonathan Loughran, Michael Bowen, Kenji Ohba, Yoshiyuki Morishita, Jun Kunimura, Goro Daimon, Kazuki Kitamura, Akaji Maro, Shun Sugata, Sachiko Fujii, Ronnie Yoshiko Fujiyama","The Bride continues her quest of vengeance against her former boss and lover Bill, the reclusive bouncer Budd, and the treacherous, one-eyed Elle.",8,668215,"$ 30000000","$ 66208183","$ 154116796",83,1028,309
"33848","tt0163651","American Pie - Il primo assaggio non si scorda mai","American Pie",1999,"1999-10-29","Comedy",95,"USA","English","Paul Weitz, Chris Weitz","Adam Herz","Universal Pictures","Jason Biggs, Jennifer Coolidge, Shannon Elizabeth, Alyson Hannigan, Chris Klein, Clyde Kusatsu, Eugene Levy, Natasha Lyonne, Thomas Ian Nicholas, Chris Owen, Lawrence Pressman, Tara Reid, Seann William Scott, Mena Suvari, Eddie Kaye Thomas","Four teenage boys enter a pact to lose their virginity by prom night.",7,370091,"$ 11000000","$ 102561004","$ 235483004",58,809,147
"37419","tt0232500","Fast and Furious","The Fast and the Furious",2001,"2001-09-21","Action, Crime, Thriller",106,"USA, Germany","English, Spanish","Rob Cohen","Ken Li, Gary Scott Thompson","Universal Pictures","Paul Walker, Vin Diesel, Michelle Rodriguez, Jordana Brewster, Rick Yune, Chad Lindberg, Johnny Strong, Matt Schulze, Ted Levine, Ja Rule, Vyto Ruginis, Thom Barry, Stanton Rutledge, Noel Gugliemi, R.J. de Vera","Los Angeles police officer Brian O'Conner must decide where his loyalty really lies when he becomes enamored with the street racing world he has been sent undercover to destroy.",6.8,341160,"$ 38000000","$ 144533925","$ 214474595",58,1067,214
"42427","tt0332379","School of Rock","The School of Rock",2003,"2004-04-02","Comedy, Music",109,"USA, Germany","English","Richard Linklater","Mike White","Paramount Pictures","Jack Black, Adam Pascal, Lucas Papaelias, Chris Stack, Sarah Silverman, Mike White, Lucas Babin, Joan Cusack, Jordan-Claire Green, Veronica Afflerbach, Miranda Cosgrove, Joey Gaydos Jr., Robert Tsai, Angelo Massagli, Kevin Alexander Clark","After being kicked out of his rock band, Dewey Finn becomes a substitute teacher of an uptight elementary private school, only to try and turn his class into a rock band.",7.1,262543,"$ 35000000","$ 81261177","$ 131095614",82,520,207
"44052","tt0374900","Napoleon Dynamite","Napoleon Dynamite",2004,"2005-11-04","Comedy",96,"USA","English","Jared Hess","Jared Hess, Jerusha Hess","Fox Searchlight Pictures","Jon Heder, Jon Gries, Aaron Ruell, Efren Ramirez, Diedrich Bader, Tina Majorino, Sandy Martin, Haylie Duff, Trevor Snarr, Shondrella Avery, Bracken Johnson, Carmen Brady, Ellen Dubin, J.C. Cunningham, Jimmy Stevens","A listless and alienated teenager decides to help his new friend win the class presidency in their small western high school, while he must deal with his bizarre family life back home.",6.9,194951,"$ 400000","$ 44540956","$ 46138887",64,1555,217
"42420","tt0332280","Le pagine della nostra vita","The Notebook",2004,"2005-06-24","Drama, Romance",123,"USA","English","Nick Cassavetes","Jeremy Leven, Jan Sardi","New Line Cinema","Tim Ivey, Gena Rowlands, Starletta DuPois, James Garner, Anthony-Michael Q. Thomas, Ed Grady, Renée Amber, Jennifer Echols, Geoffrey Knight, Kevin Connolly, Ryan Gosling, Heather Wahlquist, Rachel McAdams, Andrew Schaff, Matt Shelly","A poor yet passionate young man falls in love with a rich young woman, giving her a sense of freedom, but they are soon separated because of their social differences.",7.8,508136,"$ 29000000","$ 81001787","$ 115882795",53,1266,146
